Policy ID,Age,Gender,Vehicle Type,Fuel Type,City Tier,NCB,Vehicle Age,IDV,Exposure,Claims,Claim Amount,Accident Type,Weather,Fraud Flag
NS-02038,29,Female,Hatchback,Diesel,Tier 3,35,15,669000,1.0,0,,,,0
NS-01979,50,Female,Two-Wheeler,Petrol,Tier 3,0,14,145000,1.0,0,,,,0
NS-00856,53,Female,Sedan,Petrol,Tier 1,0,15,1199000,1.0,0,,,,0
NS-01720,37,Female,Sedan,Diesel,Tier 2,50,8,1199000,1.0,0,,,,0
NS-02020,36,Female,Hatchback,Petrol,Tier 3,0,7,381000,1.0,0,,,,0
NS-00135,58,Male,SUV,Diesel,Tier 1,35,12,1173000,1.0,0,,,,0
NS-01376,43,Male,Two-Wheeler,Petrol,Tier 2,45,11,154000,1.0,0,,,,0
NS-01712,44,Female,Sedan,Petrol,Tier 2,35,4,706000,1.0,0,,,,0
NS-01290,42,Male,Two-Wheeler,Petrol,Tier 2,25,13,178000,1.0,0,,,,0
NS-01069,45,Female,Sedan,Diesel,Tier 2,0,8,718000,1.0,0,,,,0
NS-01710,51,Male,Two-Wheeler,Petrol,Tier 2,20,3,176000,1.0,0,,,,0
NS-00112,30,Female,Hatchback,Diesel,Tier 1,0,1,695000,1.0,0,,,,0
NS-01199,57,Male,SUV,CNG,Tier 2,20,7,1409000,1.0,0,,,,0
NS-01511,29,Male,Two-Wheeler,CNG,Tier 2,45,4,159000,1.0,0,,,,0
NS-01908,63,Female,Two-Wheeler,CNG,Tier 3,20,1,91000,1.0,0,,,,0
NS-01790,25,Female,Sedan,Petrol,Tier 2,0,8,995000,1.0,0,,,,0
NS-00180,36,Male,Sedan,CNG,Tier 1,0,7,884000,1.0,0,,,,0
NS-01826,63,Male,SUV,Diesel,Tier 3,20,7,2065000,1.0,0,,,,0
NS-01522,50,Female,SUV,Diesel,Tier 2,45,7,1755000,1.0,0,,,,0
NS-01566,26,Male,Hatchback,Petrol,Tier 2,0,3,446000,1.0,0,,,,0
NS-01011,43,Male,SUV,Diesel,Tier 2,25,9,1844000,1.0,0,,,,0
NS-02159,65,Female,SUV,Petrol,Tier 3,50,8,921000,1.0,0,,,,0
NS-01026,33,Male,SUV,Petrol,Tier 2,35,15,1305000,1.0,0,,,,0
NS-02153,63,Male,Hatchback,Petrol,Tier 3,0,2,657000,1.0,0,,,,0
NS-01353,61,Male,Two-Wheeler,Petrol,Tier 2,25,2,196000,1.0,0,,,,0
NS-00528,21,Female,Two-Wheeler,Diesel,Tier 1,45,15,152000,1.0,0,,,,0
NS-01317,24,Female,Two-Wheeler,Petrol,Tier 2,0,1,194000,1.0,0,,,,0
NS-01740,29,Female,SUV,Petrol,Tier 2,20,3,1349000,1.0,0,,,,0
NS-01302,50,Male,Two-Wheeler,Diesel,Tier 2,20,12,183000,1.0,0,,,,0
NS-02055,43,Female,Sedan,Petrol,Tier 3,25,3,994000,1.0,0,,,,0
NS-01791,27,Female,SUV,Petrol,Tier 2,25,1,1550000,1.0,0,,,,0
NS-01117,63,Male,Sedan,Petrol,Tier 2,25,15,1036000,1.0,0,,,,0
NS-02025,22,Female,Two-Wheeler,Diesel,Tier 3,0,14,79000,1.0,0,,,,0
NS-01197,39,Female,Hatchback,Diesel,Tier 2,45,4,435000,1.0,0,,,,0
NS-01191,38,Male,Sedan,Petrol,Tier 2,20,0,620000,1.0,1,36900.0,Collision,Rain,0
NS-02096,23,Male,Hatchback,Petrol,Tier 3,35,9,442000,1.0,0,,,,0
NS-00219,38,Female,Hatchback,Electric,Tier 1,0,2,582000,1.0,0,,,,0
NS-00464,52,Male,Sedan,CNG,Tier 1,0,2,718000,1.0,1,78400.0,Collision,Clear,0
NS-00519,28,Male,SUV,Petrol,Tier 1,25,6,1439000,1.0,0,,,,0
NS-00975,42,Male,Two-Wheeler,Diesel,Tier 1,50,12,94000,1.0,0,,,,0
NS-00446,58,Female,Hatchback,Petrol,Tier 1,20,4,540000,1.0,0,,,,0
NS-01303,24,Female,Sedan,Petrol,Tier 2,20,0,1072000,1.0,0,,,,0
NS-00765,35,Male,Hatchback,Petrol,Tier 1,25,6,356000,1.0,0,,,,0
NS-00576,25,Male,Hatchback,Diesel,Tier 1,0,4,627000,1.0,0,,,,0
NS-00057,40,Female,SUV,CNG,Tier 1,25,7,1296000,1.0,0,,,,0
NS-01118,62,Male,Sedan,Diesel,Tier 2,35,9,1057000,1.0,0,,,,0
NS-02015,63,Male,SUV,Petrol,Tier 3,0,6,952000,1.0,0,,,,0
NS-02133,42,Female,Hatchback,Petrol,Tier 3,35,0,391000,1.0,0,,,,0
NS-02253,63,Male,Two-Wheeler,Diesel,Tier 3,20,1,122000,1.0,0,,,,0
NS-01106,62,Female,Sedan,CNG,Tier 2,35,14,1144000,1.0,0,,,,0
NS-01092,29,Female,Hatchback,Petrol,Tier 2,35,6,502000,1.0,0,,,,0
NS-01674,49,Male,Sedan,Petrol,Tier 2,20,6,1097000,1.0,0,,,,0
NS-00423,23,Female,Hatchback,CNG,Tier 1,50,10,623000,1.0,0,,,,0
NS-01823,44,Male,Sedan,Petrol,Tier 3,0,8,796000,1.0,0,,,,0
NS-01943,47,Male,Sedan,CNG,Tier 3,35,11,907000,1.0,0,,,,0
NS-02277,55,Male,Hatchback,Petrol,Tier 3,0,12,408000,1.0,0,,,,0
NS-02351,44,Female,Two-Wheeler,Diesel,Tier 3,20,8,162000,1.0,0,,,,0
NS-01436,61,Female,Hatchback,Electric,Tier 2,25,0,447000,1.0,0,,,,0
NS-01356,27,Female,Two-Wheeler,Diesel,Tier 2,20,0,199000,1.0,0,,,,0
NS-01600,21,Male,SUV,Petrol,Tier 2,45,4,1906000,1.0,0,,,,0
NS-01754,64,Female,Two-Wheeler,Petrol,Tier 2,35,4,199000,1.0,0,,,,0
NS-00942,50,Female,Two-Wheeler,Petrol,Tier 1,50,13,143000,1.0,0,,,,0
NS-01651,47,Male,Hatchback,Diesel,Tier 2,20,1,359000,1.0,0,,,,0
NS-00963,47,Female,Hatchback,Diesel,Tier 1,0,10,420000,1.0,0,,,,0
NS-01778,30,Female,Hatchback,Petrol,Tier 2,25,7,481000,1.0,1,77000.0,Collision,Storm,0
NS-00720,34,Female,Hatchback,Petrol,Tier 1,50,11,357000,1.0,0,,,,0
NS-01260,29,Female,SUV,Diesel,Tier 2,0,1,1326000,1.0,0,,,,0
NS-00415,58,Female,SUV,Petrol,Tier 1,0,8,2169000,1.0,1,28800.0,Theft,Clear,0
NS-01892,54,Male,Hatchback,Petrol,Tier 3,20,6,661000,1.0,0,,,,0
NS-01056,60,Male,Hatchback,Petrol,Tier 2,50,5,669000,1.0,0,,,,0
NS-01405,60,Male,SUV,Diesel,Tier 2,20,14,1249000,1.0,0,,,,0
NS-01949,24,Male,Sedan,Diesel,Tier 3,0,4,1064000,1.0,0,,,,0
NS-02322,36,Female,Sedan,Diesel,Tier 3,35,4,1138000,1.0,0,,,,0
NS-01666,32,Male,Two-Wheeler,Diesel,Tier 2,20,4,164000,1.0,0,,,,0
NS-00240,36,Male,Sedan,Petrol,Tier 1,20,3,1031000,1.0,0,,,,0
NS-00253,52,Male,Hatchback,Petrol,Tier 1,20,15,621000,1.0,0,,,,0
NS-02218,62,Male,Two-Wheeler,Petrol,Tier 3,25,1,171000,1.0,0,,,,0
NS-00174,21,Female,SUV,Petrol,Tier 1,35,3,1869000,1.0,0,,,,0
NS-00768,21,Male,Sedan,Diesel,Tier 1,0,0,1009000,1.0,1,25200.0,Collision,Rain,0
NS-01456,47,Female,SUV,Petrol,Tier 2,50,3,1333000,1.0,1,75000.0,Collision,Rain,0
NS-00238,40,Male,Sedan,Diesel,Tier 1,0,2,744000,1.0,0,,,,0
NS-00782,31,Male,Hatchback,Petrol,Tier 1,25,8,473000,1.0,0,,,,0
NS-01813,28,Male,Two-Wheeler,Petrol,Tier 3,50,9,101000,1.0,0,,,,0
NS-00786,51,Male,Two-Wheeler,Petrol,Tier 1,20,14,129000,1.0,0,,,,0
NS-00556,59,Female,Two-Wheeler,Diesel,Tier 1,0,11,95000,1.0,1,30800.0,Collision,Clear,0
NS-00875,23,Female,Sedan,CNG,Tier 1,20,7,823000,1.0,0,,,,0
NS-01128,30,Male,Sedan,Diesel,Tier 2,0,5,601000,1.0,0,,,,0
NS-00486,41,Female,Sedan,Diesel,Tier 1,50,13,1174000,1.0,0,,,,0
NS-00101,39,Female,Hatchback,CNG,Tier 1,45,9,407000,1.0,0,,,,0
NS-00045,53,Male,Hatchback,Petrol,Tier 1,0,0,373000,1.0,0,,,,0
NS-01208,25,Female,Hatchback,Petrol,Tier 2,20,1,525000,1.0,0,,,,0
NS-00650,50,Male,SUV,Petrol,Tier 1,0,9,1213000,1.0,0,,,,0
NS-00248,49,Female,Sedan,Petrol,Tier 1,25,5,859000,1.0,0,,,,0
NS-02229,23,Female,SUV,Petrol,Tier 3,35,11,1684000,1.0,0,,,,0
NS-01540,54,Male,Two-Wheeler,Petrol,Tier 2,25,13,101000,1.0,0,,,,0
NS-02141,51,Male,Hatchback,Diesel,Tier 3,35,14,566000,1.0,0,,,,0
NS-00708,61,Male,Sedan,Petrol,Tier 1,35,4,1188000,1.0,0,,,,0
NS-01311,36,Female,Hatchback,Petrol,Tier 2,25,0,516000,1.0,0,,,,0
NS-01392,24,Female,SUV,Petrol,Tier 2,0,12,2138000,1.0,0,,,,0
NS-02181,24,Male,Hatchback,CNG,Tier 3,20,12,699000,1.0,0,,,,0
NS-01271,25,Female,Sedan,Diesel,Tier 2,35,6,1111000,1.0,0,,,,0
NS-01434,63,Male,SUV,CNG,Tier 2,25,13,1022000,1.0,0,,,,0
NS-00887,55,Female,Sedan,Petrol,Tier 1,0,9,781000,1.0,0,,,,0
NS-01337,56,Male,Sedan,Diesel,Tier 2,0,0,758000,1.0,0,,,,0
NS-01928,40,Male,SUV,Electric,Tier 3,35,2,2136000,1.0,0,,,,0
NS-01969,31,Female,Two-Wheeler,Petrol,Tier 3,50,2,67000,1.0,0,,,,0
NS-01211,48,Male,Sedan,Petrol,Tier 2,45,11,1046000,1.0,0,,,,0
NS-00870,35,Male,SUV,Petrol,Tier 1,50,1,2189000,1.0,0,,,,0
NS-01682,39,Male,Hatchback,CNG,Tier 2,25,15,377000,1.0,0,,,,0
NS-01448,39,Female,Two-Wheeler,Petrol,Tier 2,0,7,77000,1.0,1,32400.0,Third-Party Liability,Clear,0
NS-00730,40,Male,Hatchback,Petrol,Tier 1,20,8,370000,1.0,0,,,,0
NS-01768,22,Male,Hatchback,Petrol,Tier 2,25,10,413000,1.0,0,,,,0
NS-02205,50,Male,Sedan,Petrol,Tier 3,20,6,682000,1.0,0,,,,0
NS-01799,43,Female,Hatchback,Petrol,Tier 2,35,14,559000,1.0,1,40200.0,Theft,Rain,0
NS-00810,58,Male,Sedan,Petrol,Tier 1,45,10,1022000,1.0,0,,,,0
NS-00441,57,Male,Hatchback,Petrol,Tier 1,25,12,625000,1.0,0,,,,0
NS-01668,56,Female,SUV,Electric,Tier 2,50,0,1110000,1.0,0,,,,0
NS-01789,32,Male,Sedan,Petrol,Tier 2,0,12,1018000,1.0,0,,,,0
NS-01162,55,Male,Sedan,Diesel,Tier 2,20,15,1181000,1.0,0,,,,0
NS-00630,51,Male,Two-Wheeler,Electric,Tier 1,20,13,97000,1.0,0,,,,0
NS-00652,38,Female,SUV,CNG,Tier 1,45,15,1433000,1.0,0,,,,0
NS-01584,35,Female,Two-Wheeler,CNG,Tier 2,45,2,164000,1.0,0,,,,0
NS-01200,64,Male,Sedan,Diesel,Tier 2,20,14,909000,1.0,0,,,,0
NS-01628,59,Male,Two-Wheeler,Petrol,Tier 2,50,2,151000,1.0,0,,,,0
NS-01906,29,Male,Sedan,Petrol,Tier 3,50,6,729000,1.0,0,,,,0
NS-00523,35,Female,SUV,Electric,Tier 1,20,7,1784000,1.0,0,,,,0
NS-00839,52,Female,SUV,Petrol,Tier 1,20,4,1225000,1.0,0,,,,0
NS-02239,36,Female,Hatchback,Diesel,Tier 3,20,4,589000,1.0,0,,,,0
NS-00980,37,Female,Hatchback,Petrol,Tier 1,0,12,575000,1.0,0,,,,0
NS-00200,47,Male,Hatchback,Diesel,Tier 1,45,13,391000,1.0,0,,,,0
NS-02139,33,Male,SUV,Electric,Tier 3,20,10,1176000,1.0,0,,,,0
NS-01138,33,Female,SUV,Diesel,Tier 2,0,0,1538000,1.0,0,,,,0
NS-02286,42,Female,Hatchback,Petrol,Tier 3,35,0,519000,1.0,0,,,,0
NS-00351,58,Male,Hatchback,Petrol,Tier 1,0,0,473000,1.0,0,,,,0
NS-01129,64,Male,Sedan,Petrol,Tier 2,35,10,725000,1.0,0,,,,0
NS-01403,64,Male,Hatchback,Diesel,Tier 2,0,2,590000,1.0,0,,,,0
NS-02035,44,Male,Sedan,Petrol,Tier 3,35,14,823000,1.0,0,,,,0
NS-00212,52,Male,Sedan,CNG,Tier 1,25,2,1075000,1.0,0,,,,0
NS-01871,23,Male,Hatchback,Petrol,Tier 3,0,15,453000,1.0,0,,,,0
NS-00822,49,Male,Hatchback,Petrol,Tier 1,20,3,536000,1.0,0,,,,0
NS-01074,35,Female,SUV,Petrol,Tier 2,0,3,1218000,1.0,0,,,,0
NS-01964,31,Male,Hatchback,Diesel,Tier 3,25,11,434000,1.0,0,,,,0
NS-01345,38,Female,Hatchback,Diesel,Tier 2,35,11,410000,1.0,0,,,,0
NS-01488,28,Male,Sedan,Petrol,Tier 2,0,10,840000,1.0,0,,,,0
NS-01160,40,Female,Sedan,Petrol,Tier 2,50,9,1014000,1.0,1,13900.0,Theft,Rain,0
NS-02315,38,Male,Hatchback,Diesel,Tier 3,50,7,421000,1.0,0,,,,0
NS-01597,64,Female,Sedan,Petrol,Tier 2,45,0,751000,1.0,0,,,,0
NS-02398,54,Female,Sedan,Petrol,Tier 3,0,15,637000,1.0,0,,,,0
NS-02098,49,Male,Hatchback,Petrol,Tier 3,45,13,625000,1.0,0,,,,0
NS-00462,62,Female,Hatchback,Diesel,Tier 1,25,15,438000,1.0,0,,,,0
NS-01562,55,Male,Hatchback,Petrol,Tier 2,35,0,585000,1.0,0,,,,0
NS-02113,47,Male,Sedan,Petrol,Tier 3,0,2,1137000,1.0,0,,,,0
NS-01015,37,Male,Two-Wheeler,Diesel,Tier 2,0,7,82000,1.0,0,,,,0
NS-00297,47,Male,Sedan,Electric,Tier 1,20,7,855000,1.0,0,,,,0
NS-01642,44,Female,Hatchback,Petrol,Tier 2,35,0,498000,1.0,0,,,,0
NS-00791,62,Male,Two-Wheeler,Petrol,Tier 1,45,10,62000,1.0,0,,,,0
NS-00788,51,Male,SUV,Petrol,Tier 1,20,10,1773000,1.0,0,,,,0
NS-00930,27,Male,Hatchback,Petrol,Tier 1,50,2,610000,1.0,0,,,,0
NS-00197,63,Male,Sedan,Petrol,Tier 1,35,7,1128000,1.0,0,,,,0
NS-01248,48,Female,Sedan,Diesel,Tier 2,0,10,1139000,1.0,0,,,,0
NS-01843,54,Female,SUV,Diesel,Tier 3,35,12,1481000,1.0,0,,,,0
NS-00938,45,Male,SUV,Petrol,Tier 1,0,7,1807000,1.0,1,25300.0,Collision,Clear,0
NS-00618,53,Female,SUV,Diesel,Tier 1,0,2,1955000,1.0,0,,,,0
NS-00030,45,Female,Hatchback,Petrol,Tier 1,25,0,541000,1.0,0,,,,0
NS-00643,64,Male,Sedan,Petrol,Tier 1,0,3,664000,1.0,0,,,,0
NS-02017,21,Male,Two-Wheeler,Petrol,Tier 3,20,1,85000,1.0,0,,,,0
NS-01531,59,Male,Sedan,Petrol,Tier 2,50,8,772000,1.0,0,,,,0
NS-00230,41,Female,SUV,Diesel,Tier 1,20,13,1151000,1.0,0,,,,0
NS-00431,31,Male,Hatchback,Petrol,Tier 1,25,2,388000,1.0,0,,,,0
NS-00189,38,Female,Sedan,Petrol,Tier 1,25,5,1081000,1.0,0,,,,0
NS-00408,27,Female,Hatchback,Diesel,Tier 1,0,1,675000,1.0,0,,,,0
NS-02246,59,Male,SUV,Petrol,Tier 3,45,13,1307000,1.0,0,,,,0
NS-01767,37,Female,SUV,CNG,Tier 2,0,2,2191000,1.0,0,,,,0
NS-00211,21,Female,Two-Wheeler,Petrol,Tier 1,0,14,191000,1.0,0,,,,0
NS-00473,25,Female,Hatchback,Petrol,Tier 1,0,4,427000,1.0,0,,,,0
NS-00686,54,Female,Hatchback,Petrol,Tier 1,0,6,615000,1.0,0,,,,0
NS-00260,39,Male,Sedan,Petrol,Tier 1,0,1,742000,1.0,0,,,,0
NS-00603,36,Male,Two-Wheeler,Petrol,Tier 1,35,0,114000,1.0,0,,,,0
NS-02150,25,Female,Two-Wheeler,Petrol,Tier 3,50,13,60000,1.0,0,,,,0
NS-00820,54,Female,Sedan,Petrol,Tier 1,50,7,1152000,1.0,0,,,,0
NS-01731,44,Female,Hatchback,Diesel,Tier 2,35,6,401000,1.0,0,,,,0
NS-00280,25,Male,SUV,Diesel,Tier 1,25,11,1060000,1.0,0,,,,0
NS-00409,32,Female,Hatchback,Diesel,Tier 1,25,11,370000,1.0,0,,,,0
NS-02108,49,Male,Hatchback,CNG,Tier 3,25,6,665000,1.0,0,,,,0
NS-01695,53,Male,SUV,Petrol,Tier 2,20,10,1791000,1.0,0,,,,0
NS-00941,53,Male,Two-Wheeler,Petrol,Tier 1,0,2,184000,1.0,0,,,,0
NS-01394,43,Female,SUV,Diesel,Tier 2,0,6,1189000,1.0,0,,,,0
NS-01738,35,Male,Two-Wheeler,Diesel,Tier 2,45,0,133000,1.0,0,,,,0
NS-00070,63,Female,SUV,CNG,Tier 1,0,3,1241000,1.0,0,,,,0
NS-02226,42,Male,SUV,Petrol,Tier 3,20,12,1401000,1.0,0,,,,0
NS-01318,38,Female,Sedan,Petrol,Tier 2,20,9,1166000,1.0,0,,,,0
NS-00439,37,Male,Hatchback,CNG,Tier 1,0,1,677000,1.0,0,,,,0
NS-01512,43,Male,Two-Wheeler,Diesel,Tier 2,35,2,149000,1.0,0,,,,0
NS-00999,54,Male,Hatchback,Diesel,Tier 1,0,14,549000,1.0,0,,,,0
NS-02399,55,Female,SUV,Petrol,Tier 3,0,7,1278000,1.0,0,,,,0
NS-00097,59,Male,Sedan,Petrol,Tier 1,0,3,1041000,1.0,1,31500.0,Collision,Clear,0
NS-00283,26,Male,Sedan,Petrol,Tier 1,0,14,712000,1.0,0,,,,0
NS-02268,65,Male,Hatchback,Petrol,Tier 3,0,4,619000,1.0,0,,,,0
NS-02208,52,Female,Hatchback,Petrol,Tier 3,20,4,450000,1.0,0,,,,0
NS-01615,53,Male,Two-Wheeler,Diesel,Tier 2,0,14,122000,1.0,0,,,,0
NS-01212,64,Male,Sedan,Diesel,Tier 2,0,12,840000,1.0,0,,,,0
NS-01166,33,Male,Two-Wheeler,Petrol,Tier 2,0,14,73000,1.0,0,,,,0
NS-00928,25,Female,Hatchback,Diesel,Tier 1,45,10,585000,1.0,1,38900.0,Collision,Rain,0
NS-01388,61,Female,Two-Wheeler,CNG,Tier 2,0,3,178000,1.0,0,,,,0
NS-02182,49,Female,Hatchback,Petrol,Tier 3,0,3,584000,1.0,0,,,,0
NS-01002,54,Male,Hatchback,Petrol,Tier 2,35,5,380000,1.0,0,,,,0
NS-01224,62,Female,Hatchback,Petrol,Tier 2,0,13,354000,1.0,0,,,,0
NS-00472,45,Female,SUV,Petrol,Tier 1,25,0,1031000,1.0,0,,,,0
NS-00417,22,Female,Sedan,Petrol,Tier 1,45,9,821000,1.0,1,21800.0,Collision,Clear,0
NS-00255,30,Male,Sedan,Electric,Tier 1,0,0,1138000,1.0,0,,,,0
NS-01613,21,Female,Two-Wheeler,Electric,Tier 2,0,13,121000,1.0,0,,,,0
NS-00444,36,Male,Two-Wheeler,CNG,Tier 1,50,13,141000,1.0,0,,,,0
NS-01057,41,Female,Hatchback,Petrol,Tier 2,20,6,351000,1.0,0,,,,0
NS-01473,36,Female,Hatchback,Petrol,Tier 2,20,10,573000,1.0,0,,,,0
NS-00252,64,Male,SUV,Diesel,Tier 1,0,2,1344000,1.0,0,,,,0
NS-02308,34,Female,SUV,Diesel,Tier 3,25,11,1849000,1.0,0,,,,0
NS-01784,45,Female,Two-Wheeler,Diesel,Tier 2,45,11,122000,1.0,0,,,,0
NS-02043,23,Male,Sedan,CNG,Tier 3,25,4,1034000,1.0,0,,,,0
NS-01487,42,Male,SUV,CNG,Tier 2,20,8,1671000,1.0,0,,,,0
NS-00760,65,Female,Sedan,Petrol,Tier 1,25,12,779000,1.0,0,,,,0
NS-00901,52,Female,Two-Wheeler,Petrol,Tier 1,25,1,197000,1.0,0,,,,0
NS-00434,24,Female,Hatchback,Petrol,Tier 1,25,6,482000,1.0,1,34800.0,Theft,Rain,0
NS-02368,46,Male,Two-Wheeler,Petrol,Tier 3,25,3,195000,1.0,0,,,,0
NS-01365,52,Female,Hatchback,CNG,Tier 2,25,9,660000,1.0,0,,,,0
NS-01065,29,Male,Sedan,Petrol,Tier 2,45,1,619000,1.0,0,,,,0
NS-01701,62,Male,Sedan,Petrol,Tier 2,20,7,886000,1.0,0,,,,0
NS-00638,50,Male,Hatchback,Petrol,Tier 1,35,13,503000,1.0,0,,,,0
NS-01051,59,Male,Hatchback,Petrol,Tier 2,25,15,623000,1.0,0,,,,0
NS-00931,55,Female,Sedan,Petrol,Tier 1,50,1,791000,1.0,0,,,,0
NS-01514,58,Female,Sedan,Petrol,Tier 2,0,0,993000,1.0,0,,,,0
NS-01395,59,Female,Sedan,Electric,Tier 2,35,14,924000,1.0,0,,,,0
NS-01779,29,Male,Hatchback,Petrol,Tier 2,0,8,562000,1.0,0,,,,0
NS-00950,65,Male,Hatchback,Petrol,Tier 1,20,4,690000,1.0,0,,,,0
NS-01726,28,Female,Sedan,Petrol,Tier 2,35,7,1159000,1.0,0,,,,0
NS-00150,64,Female,Hatchback,Petrol,Tier 1,45,5,476000,1.0,0,,,,0
NS-00209,42,Female,Hatchback,Petrol,Tier 1,50,6,581000,1.0,0,,,,0
NS-02197,63,Female,Hatchback,Petrol,Tier 3,20,8,616000,1.0,0,,,,0
NS-00403,38,Female,Hatchback,Petrol,Tier 1,0,15,564000,1.0,0,,,,0
NS-02342,21,Male,Hatchback,Diesel,Tier 3,45,0,517000,1.0,0,,,,0
NS-00841,55,Female,Hatchback,CNG,Tier 1,35,5,415000,1.0,1,83300.0,Collision,Rain,0
NS-00483,44,Male,SUV,Diesel,Tier 1,0,10,1694000,1.0,1,47000.0,Natural Disaster,Clear,0
NS-01369,31,Male,Hatchback,Diesel,Tier 2,35,13,534000,1.0,0,,,,0
NS-02249,29,Female,Sedan,Petrol,Tier 3,0,1,1081000,1.0,0,,,,0
NS-00858,64,Male,Sedan,Petrol,Tier 1,0,11,1104000,1.0,0,,,,0
NS-01018,29,Male,Two-Wheeler,Petrol,Tier 2,20,1,112000,1.0,0,,,,0
NS-02094,44,Female,Hatchback,CNG,Tier 3,0,6,357000,1.0,0,,,,0
NS-00994,40,Female,Two-Wheeler,Petrol,Tier 1,25,0,65000,1.0,0,,,,0
NS-02232,63,Female,Two-Wheeler,Diesel,Tier 3,0,14,75000,1.0,0,,,,0
NS-02176,37,Male,Hatchback,Petrol,Tier 3,25,3,630000,1.0,0,,,,0
NS-00510,29,Female,Two-Wheeler,Petrol,Tier 1,35,2,155000,1.0,1,41600.0,Theft,Fog,0
NS-00388,27,Male,Sedan,Petrol,Tier 1,20,1,764000,1.0,1,29000.0,Fire,Rain,0
NS-00545,55,Female,Hatchback,CNG,Tier 1,20,1,392000,1.0,0,,,,0
NS-00354,62,Male,Two-Wheeler,Petrol,Tier 1,25,15,64000,1.0,0,,,,0
NS-01375,51,Female,Two-Wheeler,Electric,Tier 2,50,10,123000,1.0,0,,,,0
NS-02148,62,Female,SUV,Petrol,Tier 3,35,4,1616000,1.0,0,,,,0
NS-01510,28,Female,Two-Wheeler,Diesel,Tier 2,25,9,142000,1.0,0,,,,0
NS-01221,50,Male,SUV,Petrol,Tier 2,0,14,1417000,1.0,0,,,,0
NS-00362,47,Female,Two-Wheeler,Diesel,Tier 1,50,9,83000,1.0,0,,,,0
NS-00644,22,Male,Sedan,Diesel,Tier 1,0,9,1154000,1.0,0,,,,0
NS-00050,64,Female,Hatchback,CNG,Tier 1,50,2,420000,1.0,0,,,,0
NS-00068,55,Female,Hatchback,Petrol,Tier 1,25,5,579000,1.0,0,,,,0
NS-00673,48,Male,Sedan,CNG,Tier 1,25,4,853000,1.0,1,38500.0,Collision,Clear,0
NS-00049,55,Female,SUV,Petrol,Tier 1,0,6,1506000,1.0,0,,,,0
NS-01195,41,Male,Hatchback,Diesel,Tier 2,25,12,592000,1.0,0,,,,0
NS-02191,50,Female,Sedan,Petrol,Tier 3,0,4,920000,1.0,0,,,,0
NS-02367,44,Male,SUV,Diesel,Tier 3,50,4,1147000,1.0,0,,,,0
NS-00799,56,Female,SUV,Petrol,Tier 1,25,3,2016000,1.0,0,,,,0
NS-00125,38,Male,Hatchback,CNG,Tier 1,0,15,412000,1.0,0,,,,0
NS-00481,58,Female,SUV,Petrol,Tier 1,0,15,1578000,1.0,0,,,,0
NS-00860,39,Male,Sedan,Diesel,Tier 1,0,11,1091000,1.0,0,,,,0
NS-00355,28,Male,SUV,CNG,Tier 1,45,12,1058000,1.0,1,35100.0,Natural Disaster,Clear,0
NS-02204,48,Male,SUV,Petrol,Tier 3,0,1,1239000,1.0,0,,,,0
NS-00927,54,Female,Sedan,CNG,Tier 1,25,0,724000,1.0,0,,,,0
NS-01736,53,Female,Hatchback,Diesel,Tier 2,20,4,368000,1.0,1,41200.0,Theft,Clear,0
NS-00633,46,Female,SUV,CNG,Tier 1,25,5,1473000,1.0,0,,,,0
NS-02152,60,Male,SUV,Diesel,Tier 3,0,7,1767000,1.0,0,,,,0
NS-00479,32,Male,Sedan,Petrol,Tier 1,25,13,665000,1.0,0,,,,0
NS-00882,60,Female,Hatchback,Diesel,Tier 1,0,9,569000,1.0,0,,,,0
NS-01912,60,Male,Hatchback,Petrol,Tier 3,35,6,492000,1.0,0,,,,0
NS-01267,60,Male,Sedan,Petrol,Tier 2,50,9,774000,1.0,0,,,,0
NS-00436,36,Male,Two-Wheeler,Petrol,Tier 1,45,1,161000,1.0,0,,,,0
NS-02001,61,Female,Sedan,Diesel,Tier 3,0,15,935000,1.0,0,,,,0
NS-02101,62,Female,Hatchback,Electric,Tier 3,35,6,454000,1.0,0,,,,0
NS-00241,37,Male,SUV,Petrol,Tier 1,0,3,918000,1.0,0,,,,0
NS-00071,48,Female,Hatchback,Petrol,Tier 1,45,10,439000,1.0,0,,,,0
NS-00368,35,Female,Hatchback,Electric,Tier 1,20,2,440000,1.0,0,,,,0
NS-00433,51,Female,SUV,Diesel,Tier 1,25,4,1320000,1.0,0,,,,0
NS-00074,45,Female,Sedan,Diesel,Tier 1,35,1,982000,1.0,0,,,,0
NS-01072,55,Male,Hatchback,Electric,Tier 2,20,1,485000,1.0,0,,,,0
NS-02198,42,Female,Sedan,CNG,Tier 3,20,8,633000,1.0,1,77500.0,Fire,Rain,0
NS-00533,63,Female,Sedan,Petrol,Tier 1,0,1,732000,1.0,0,,,,0
NS-00555,49,Male,Hatchback,Petrol,Tier 1,0,0,410000,1.0,0,,,,0
NS-01777,44,Male,SUV,Diesel,Tier 2,0,12,1759000,1.0,0,,,,0
NS-00531,38,Female,Sedan,Petrol,Tier 1,45,3,701000,1.0,0,,,,0
NS-00933,40,Male,Hatchback,Diesel,Tier 1,0,1,500000,1.0,0,,,,0
NS-00158,34,Female,Sedan,Diesel,Tier 1,50,6,979000,1.0,0,,,,0
NS-00611,38,Male,Two-Wheeler,Petrol,Tier 1,25,6,145000,1.0,0,,,,0
NS-01870,22,Male,Hatchback,Diesel,Tier 3,20,1,370000,1.0,0,,,,0
NS-01850,56,Female,Two-Wheeler,Petrol,Tier 3,20,4,140000,1.0,0,,,,0
NS-00343,35,Female,Hatchback,CNG,Tier 1,20,7,669000,1.0,0,,,,0
NS-01139,42,Male,Hatchback,Diesel,Tier 2,35,11,603000,1.0,0,,,,0
NS-00949,22,Female,Sedan,Petrol,Tier 1,25,11,951000,1.0,0,,,,0
NS-01704,56,Female,SUV,Diesel,Tier 2,45,0,1768000,1.0,0,,,,0
NS-00669,63,Female,SUV,CNG,Tier 1,35,10,1992000,1.0,0,,,,0
NS-00052,62,Male,SUV,Petrol,Tier 1,20,1,1298000,1.0,0,,,,0
NS-02022,36,Male,SUV,Petrol,Tier 3,0,1,1862000,1.0,0,,,,0
NS-01865,65,Female,SUV,Electric,Tier 3,0,11,956000,1.0,0,,,,0
NS-00966,26,Male,Sedan,Electric,Tier 1,20,8,970000,1.0,0,,,,0
NS-01966,45,Male,SUV,Diesel,Tier 3,20,10,1506000,1.0,0,,,,0
NS-00322,50,Female,Sedan,Diesel,Tier 1,0,9,1025000,1.0,0,,,,0
NS-02369,37,Male,Sedan,Diesel,Tier 3,25,1,1006000,1.0,0,,,,0
NS-01757,22,Female,Sedan,Petrol,Tier 2,25,4,1174000,1.0,0,,,,0
NS-00292,23,Male,SUV,Petrol,Tier 1,20,10,1465000,1.0,0,,,,0
NS-01558,29,Female,Hatchback,Petrol,Tier 2,0,2,521000,1.0,0,,,,0
NS-02134,46,Male,Two-Wheeler,Petrol,Tier 3,50,2,91000,1.0,0,,,,0
NS-00496,34,Female,Two-Wheeler,Petrol,Tier 1,25,2,143000,1.0,0,,,,0
NS-01685,46,Male,Two-Wheeler,Petrol,Tier 2,0,13,61000,1.0,0,,,,0
NS-00480,60,Female,Hatchback,Diesel,Tier 1,0,14,690000,1.0,0,,,,0
NS-01421,46,Male,SUV,Petrol,Tier 2,35,15,1999000,1.0,0,,,,0
NS-01548,45,Female,SUV,Petrol,Tier 2,20,13,965000,1.0,1,43600.0,Collision,Storm,0
NS-02202,30,Male,Sedan,CNG,Tier 3,45,2,602000,1.0,0,,,,0
NS-00945,29,Female,Sedan,Petrol,Tier 1,0,15,964000,1.0,0,,,,0
NS-01314,55,Female,Hatchback,Diesel,Tier 2,20,11,663000,1.0,0,,,,0
NS-00300,34,Male,SUV,Petrol,Tier 1,25,2,1276000,1.0,0,,,,0
NS-02115,37,Female,Hatchback,Electric,Tier 3,20,4,559000,1.0,1,31300.0,Collision,Clear,0
NS-00333,39,Male,Sedan,Diesel,Tier 1,0,9,871000,1.0,0,,,,0
NS-00680,58,Male,SUV,Petrol,Tier 1,20,4,1112000,1.0,0,,,,0
NS-00465,25,Female,Hatchback,Petrol,Tier 1,35,8,696000,1.0,0,,,,0
NS-01935,33,Male,Two-Wheeler,Diesel,Tier 3,20,14,107000,1.0,0,,,,0
NS-01743,52,Female,Two-Wheeler,Petrol,Tier 2,50,3,148000,1.0,0,,,,0
NS-00221,32,Female,Hatchback,Diesel,Tier 1,45,1,581000,1.0,0,,,,0
NS-01857,57,Male,SUV,CNG,Tier 3,20,4,1458000,1.0,1,10400.0,Fire,Clear,0
NS-01379,40,Female,Sedan,Diesel,Tier 2,25,0,905000,1.0,1,47900.0,Collision,Clear,0
NS-02295,42,Male,Hatchback,Petrol,Tier 3,25,6,527000,1.0,0,,,,0
NS-02396,63,Male,SUV,Petrol,Tier 3,25,10,1194000,1.0,0,,,,0
NS-00085,23,Male,Sedan,Petrol,Tier 1,20,1,1111000,1.0,0,,,,0
NS-01897,36,Female,SUV,Diesel,Tier 3,35,2,2089000,1.0,0,,,,0
NS-01880,63,Male,Two-Wheeler,Petrol,Tier 3,0,4,107000,1.0,0,,,,0
NS-01977,59,Female,Two-Wheeler,Petrol,Tier 3,25,14,79000,1.0,0,,,,0
NS-00110,45,Female,Sedan,Diesel,Tier 1,35,6,1169000,1.0,0,,,,0
NS-00857,42,Female,Sedan,Diesel,Tier 1,0,8,825000,1.0,0,,,,0
NS-00783,27,Male,Sedan,Petrol,Tier 1,0,9,771000,1.0,1,23000.0,Collision,Storm,0
NS-00291,35,Female,SUV,Diesel,Tier 1,0,9,1702000,1.0,0,,,,0
NS-02005,37,Male,Sedan,Petrol,Tier 3,0,6,630000,1.0,1,104200.0,Third-Party Liability,Clear,0
NS-01243,38,Female,Two-Wheeler,CNG,Tier 2,35,8,180000,1.0,1,32600.0,Fire,Rain,0
NS-01939,52,Male,Sedan,Petrol,Tier 3,0,0,1133000,1.0,0,,,,0
NS-00832,39,Female,Sedan,Petrol,Tier 1,20,15,1064000,1.0,0,,,,0
NS-00411,51,Female,Sedan,Diesel,Tier 1,20,15,828000,1.0,0,,,,0
NS-01196,61,Male,Hatchback,Petrol,Tier 2,35,9,503000,1.0,0,,,,0
NS-01815,21,Female,SUV,Diesel,Tier 3,0,2,1700000,1.0,0,,,,0
NS-02383,34,Female,Sedan,Diesel,Tier 3,20,6,967000,1.0,0,,,,0
NS-00612,40,Female,SUV,Diesel,Tier 1,20,10,1694000,1.0,0,,,,0
NS-00213,56,Male,Hatchback,Electric,Tier 1,20,7,529000,1.0,1,18900.0,Third-Party Liability,Clear,0
NS-00745,43,Male,Hatchback,Petrol,Tier 1,20,10,638000,1.0,0,,,,0
NS-02386,47,Male,Two-Wheeler,Petrol,Tier 3,25,3,135000,1.0,0,,,,0
NS-00651,29,Female,Sedan,Diesel,Tier 1,45,10,1174000,1.0,0,,,,0
NS-00757,56,Male,Hatchback,Petrol,Tier 1,25,11,364000,1.0,0,,,,0
NS-02392,22,Male,Hatchback,CNG,Tier 3,0,1,561000,1.0,0,,,,0
NS-01042,43,Male,Hatchback,Petrol,Tier 2,0,15,458000,1.0,0,,,,0
NS-01899,52,Male,Sedan,CNG,Tier 3,0,2,807000,1.0,0,,,,0
NS-01689,51,Female,SUV,Petrol,Tier 2,0,5,1510000,1.0,0,,,,0
NS-00019,48,Male,Sedan,CNG,Tier 1,35,11,683000,1.0,0,,,,0
NS-00789,50,Male,Hatchback,Diesel,Tier 1,20,9,475000,1.0,0,,,,0
NS-01363,54,Male,SUV,CNG,Tier 2,20,5,1038000,1.0,0,,,,0
NS-02072,29,Male,Sedan,Petrol,Tier 3,0,5,633000,1.0,0,,,,0
NS-01000,36,Female,Hatchback,Petrol,Tier 1,25,14,647000,1.0,0,,,,0
NS-00743,55,Female,Hatchback,Petrol,Tier 1,0,3,433000,1.0,0,,,,0
NS-01875,39,Female,SUV,CNG,Tier 3,25,3,1777000,1.0,0,,,,0
NS-00077,60,Male,Hatchback,Petrol,Tier 1,25,3,507000,1.0,0,,,,0
NS-00451,35,Female,Sedan,Petrol,Tier 1,0,6,1013000,1.0,0,,,,0
NS-01312,28,Female,Hatchback,Petrol,Tier 2,0,9,683000,1.0,0,,,,0
NS-02074,62,Male,Two-Wheeler,CNG,Tier 3,35,8,135000,1.0,0,,,,0
NS-01414,52,Male,Sedan,Petrol,Tier 2,0,4,995000,1.0,0,,,,0
NS-00862,22,Male,SUV,Petrol,Tier 1,35,6,1381000,1.0,0,,,,0
NS-00169,47,Male,Hatchback,Petrol,Tier 1,35,13,464000,1.0,0,,,,0
NS-01993,56,Female,Hatchback,CNG,Tier 3,50,12,467000,1.0,0,,,,0
NS-00606,40,Female,Sedan,Petrol,Tier 1,45,6,703000,1.0,0,,,,0
NS-01226,54,Female,Hatchback,Petrol,Tier 2,35,4,632000,1.0,0,,,,0
NS-02061,39,Male,Hatchback,Petrol,Tier 3,0,15,364000,1.0,0,,,,0
NS-00220,36,Male,Two-Wheeler,Petrol,Tier 1,0,14,190000,1.0,0,,,,0
NS-00614,59,Male,Two-Wheeler,Diesel,Tier 1,25,15,69000,1.0,0,,,,0
NS-01386,57,Female,Sedan,Petrol,Tier 2,20,9,1146000,1.0,0,,,,0
NS-01536,63,Female,SUV,Petrol,Tier 2,0,3,1045000,1.0,0,,,,0
NS-00304,38,Female,Two-Wheeler,CNG,Tier 1,0,10,153000,1.0,0,,,,0
NS-01573,36,Male,SUV,Petrol,Tier 2,25,12,1920000,1.0,0,,,,0
NS-01250,60,Male,SUV,Petrol,Tier 2,35,4,2104000,1.0,0,,,,0
NS-00989,40,Male,Two-Wheeler,Petrol,Tier 1,0,1,146000,1.0,0,,,,0
NS-01559,33,Female,Sedan,Petrol,Tier 2,0,6,1195000,1.0,0,,,,0
NS-02105,45,Female,Sedan,Petrol,Tier 3,25,1,757000,1.0,0,,,,0
NS-01852,47,Male,Sedan,Petrol,Tier 3,35,6,1030000,1.0,0,,,,0
NS-00914,25,Male,Sedan,Diesel,Tier 1,20,0,755000,1.0,0,,,,0
NS-00801,45,Male,SUV,Petrol,Tier 1,0,4,2146000,1.0,0,,,,0
NS-01111,44,Male,Hatchback,Diesel,Tier 2,25,1,597000,1.0,0,,,,0
NS-01881,46,Male,Hatchback,Petrol,Tier 3,20,11,690000,1.0,0,,,,0
NS-00369,47,Female,Two-Wheeler,Petrol,Tier 1,0,7,151000,1.0,0,,,,0
NS-00232,37,Female,Sedan,Petrol,Tier 1,35,15,627000,1.0,0,,,,0
NS-01846,52,Male,Two-Wheeler,Petrol,Tier 3,20,3,199000,1.0,0,,,,0
NS-00136,45,Female,Sedan,Diesel,Tier 1,0,14,768000,1.0,0,,,,0
NS-00026,57,Male,Hatchback,Petrol,Tier 1,35,0,355000,1.0,0,,,,0
NS-01171,21,Male,Hatchback,Diesel,Tier 2,0,3,499000,1.0,0,,,,0
NS-01280,28,Female,Sedan,Petrol,Tier 2,20,4,995000,1.0,0,,,,0
NS-00890,43,Male,Hatchback,CNG,Tier 1,35,1,581000,1.0,0,,,,0
NS-02093,46,Female,Two-Wheeler,Petrol,Tier 3,0,5,73000,1.0,0,,,,0
NS-00974,24,Male,Hatchback,CNG,Tier 1,0,13,481000,1.0,0,,,,0
NS-00193,44,Female,Sedan,Diesel,Tier 1,0,3,1182000,1.0,0,,,,0
NS-00290,36,Female,Hatchback,Diesel,Tier 1,0,14,449000,1.0,0,,,,0
NS-00787,46,Female,Sedan,Petrol,Tier 1,45,7,962000,1.0,0,,,,0
NS-01450,30,Female,Hatchback,Electric,Tier 2,50,9,565000,1.0,1,40300.0,Collision,Rain,0
NS-01367,62,Male,Sedan,Petrol,Tier 2,0,11,796000,1.0,0,,,,0
NS-01730,65,Female,Hatchback,Diesel,Tier 2,0,2,683000,1.0,1,32200.0,Collision,Rain,0
NS-01086,49,Female,SUV,Diesel,Tier 2,0,11,1694000,1.0,0,,,,0
NS-00737,29,Female,Two-Wheeler,Diesel,Tier 1,45,9,168000,1.0,0,,,,0
NS-00874,56,Male,Hatchback,Diesel,Tier 1,0,14,426000,1.0,0,,,,0
NS-00129,37,Male,Sedan,Petrol,Tier 1,0,12,709000,1.0,0,,,,0
NS-02010,63,Female,Sedan,Diesel,Tier 3,0,13,1176000,1.0,0,,,,0
NS-01994,22,Female,Two-Wheeler,Diesel,Tier 3,20,1,145000,1.0,0,,,,0
NS-00678,57,Male,SUV,Petrol,Tier 1,20,7,2053000,1.0,0,,,,0
NS-01495,22,Male,Two-Wheeler,Petrol,Tier 2,20,15,136000,1.0,0,,,,0
NS-00234,53,Male,SUV,Diesel,Tier 1,45,3,1632000,1.0,0,,,,0
NS-00811,62,Male,Two-Wheeler,Petrol,Tier 1,45,5,176000,1.0,0,,,,0
NS-00308,44,Female,Sedan,Petrol,Tier 1,0,5,1191000,1.0,0,,,,0
NS-00509,29,Female,Sedan,Petrol,Tier 1,20,4,752000,1.0,0,,,,0
NS-01630,44,Male,Two-Wheeler,Petrol,Tier 2,35,3,166000,1.0,0,,,,0
NS-00384,52,Male,SUV,Petrol,Tier 1,0,11,994000,1.0,0,,,,0
NS-02058,44,Female,Hatchback,Petrol,Tier 3,20,1,697000,1.0,0,,,,0
NS-00943,62,Female,Two-Wheeler,Petrol,Tier 1,35,13,190000,1.0,0,,,,0
NS-02223,42,Female,Hatchback,Petrol,Tier 3,0,0,451000,1.0,0,,,,0
NS-00508,36,Male,Sedan,Petrol,Tier 1,25,1,1102000,1.0,0,,,,0
NS-00178,37,Male,Sedan,Diesel,Tier 1,0,5,605000,1.0,0,,,,0
NS-00427,48,Female,Two-Wheeler,Diesel,Tier 1,25,14,131000,1.0,0,,,,0
NS-01581,56,Male,SUV,Petrol,Tier 2,20,2,2026000,1.0,0,,,,0
NS-00695,59,Male,Hatchback,Petrol,Tier 1,45,3,389000,1.0,0,,,,0
NS-02127,44,Female,Hatchback,Petrol,Tier 3,20,11,696000,1.0,1,44800.0,Collision,Fog,0
NS-00185,29,Female,Hatchback,Diesel,Tier 1,0,1,686000,1.0,1,41500.0,Natural Disaster,Rain,0
NS-01785,43,Female,Sedan,Petrol,Tier 2,45,6,873000,1.0,1,33900.0,Collision,Fog,0
NS-02168,30,Female,Hatchback,Petrol,Tier 3,35,7,663000,1.0,0,,,,0
NS-01809,64,Female,Sedan,Diesel,Tier 3,20,5,621000,1.0,0,,,,0
NS-02258,54,Male,Sedan,Petrol,Tier 3,45,3,1035000,1.0,0,,,,0
NS-00299,25,Female,Hatchback,Diesel,Tier 1,0,11,688000,1.0,0,,,,0
NS-01037,38,Female,Hatchback,Diesel,Tier 2,0,9,579000,1.0,0,,,,0
NS-01001,64,Male,Hatchback,Petrol,Tier 2,50,6,688000,1.0,0,,,,0
NS-00622,45,Female,Hatchback,Diesel,Tier 1,20,8,529000,1.0,0,,,,0
NS-02131,28,Female,Two-Wheeler,Petrol,Tier 3,35,13,134000,1.0,0,,,,0
NS-02320,26,Male,Hatchback,Petrol,Tier 3,0,15,392000,1.0,0,,,,0
NS-00582,60,Female,SUV,Diesel,Tier 1,25,8,1328000,1.0,0,,,,0
NS-01967,53,Male,Hatchback,Petrol,Tier 3,25,12,425000,1.0,0,,,,0
NS-00179,58,Female,Two-Wheeler,Diesel,Tier 1,0,3,73000,1.0,0,,,,0
NS-02175,49,Male,Sedan,Diesel,Tier 3,25,15,822000,1.0,0,,,,0
NS-00325,25,Male,Sedan,CNG,Tier 1,35,3,1168000,1.0,1,57000.0,Collision,Fog,0
NS-00566,36,Female,Hatchback,Petrol,Tier 1,35,5,463000,1.0,0,,,,0
NS-01238,32,Female,Sedan,Diesel,Tier 2,20,11,1170000,1.0,0,,,,0
NS-01341,54,Male,Hatchback,Petrol,Tier 2,25,10,687000,1.0,0,,,,0
NS-00565,21,Male,Hatchback,Diesel,Tier 1,0,0,644000,1.0,0,,,,0
NS-00119,60,Male,Two-Wheeler,Diesel,Tier 1,20,7,92000,1.0,1,12900.0,Collision,Rain,0
NS-00487,51,Female,SUV,Petrol,Tier 1,20,6,1179000,1.0,0,,,,0
NS-01293,41,Male,SUV,Petrol,Tier 2,0,5,2080000,1.0,0,,,,0
NS-00282,28,Female,Sedan,Petrol,Tier 1,50,5,1006000,1.0,0,,,,0
NS-01455,32,Female,SUV,Diesel,Tier 2,0,10,2130000,1.0,0,,,,0
NS-00529,31,Male,SUV,Diesel,Tier 1,0,5,1192000,1.0,0,,,,0
NS-01647,42,Male,Two-Wheeler,Petrol,Tier 2,20,12,120000,1.0,0,,,,0
NS-00655,30,Female,SUV,Diesel,Tier 1,50,3,1482000,1.0,0,,,,0
NS-00835,60,Male,Two-Wheeler,Petrol,Tier 1,20,12,96000,1.0,1,31000.0,Collision,Clear,0
NS-01362,34,Female,Sedan,Petrol,Tier 2,35,5,1010000,1.0,0,,,,0
NS-02037,32,Male,SUV,Diesel,Tier 3,35,4,1306000,1.0,0,,,,0
NS-01868,26,Female,SUV,Petrol,Tier 3,25,7,2065000,1.0,0,,,,0
NS-01462,46,Female,Hatchback,Petrol,Tier 2,25,10,659000,1.0,0,,,,0
NS-00977,48,Female,SUV,Petrol,Tier 1,50,9,1129000,1.0,0,,,,0
NS-00619,45,Female,Hatchback,CNG,Tier 1,25,2,506000,1.0,0,,,,0
NS-01727,27,Female,Two-Wheeler,Petrol,Tier 2,20,14,188000,1.0,1,55900.0,Theft,Clear,0
NS-00367,43,Male,Sedan,Diesel,Tier 1,35,2,882000,1.0,0,,,,0
NS-01222,40,Female,Two-Wheeler,CNG,Tier 2,50,14,97000,1.0,0,,,,0
NS-02273,60,Male,SUV,Diesel,Tier 3,35,2,1461000,1.0,0,,,,0
NS-00044,60,Female,Sedan,Petrol,Tier 1,0,8,1093000,1.0,0,,,,0
NS-00734,22,Male,Two-Wheeler,Petrol,Tier 1,25,4,159000,1.0,0,,,,0
NS-02219,57,Female,Hatchback,Petrol,Tier 3,20,11,569000,1.0,1,51500.0,Theft,Rain,0
NS-01833,31,Male,Hatchback,CNG,Tier 3,0,8,607000,1.0,0,,,,0
NS-00204,47,Male,Sedan,Petrol,Tier 1,35,0,975000,1.0,0,,,,0
NS-00175,44,Male,Two-Wheeler,Diesel,Tier 1,0,8,190000,1.0,0,,,,0
NS-00421,50,Female,Hatchback,CNG,Tier 1,45,6,697000,1.0,0,,,,0
NS-00893,48,Female,SUV,Petrol,Tier 1,0,0,1000000,1.0,0,,,,0
NS-00121,40,Male,Hatchback,Petrol,Tier 1,25,1,635000,1.0,0,,,,0
NS-00284,22,Male,Hatchback,Electric,Tier 1,0,1,534000,1.0,0,,,,0
NS-01728,24,Female,Hatchback,Diesel,Tier 2,25,0,635000,1.0,0,,,,0
NS-01985,63,Male,Sedan,Electric,Tier 3,0,8,1142000,1.0,0,,,,0
NS-00648,33,Male,Sedan,Diesel,Tier 1,20,6,955000,1.0,0,,,,0
NS-01177,37,Male,SUV,Petrol,Tier 2,25,14,1679000,1.0,0,,,,0
NS-01407,45,Female,Hatchback,Petrol,Tier 2,35,4,643000,1.0,0,,,,0
NS-01437,45,Male,Hatchback,Diesel,Tier 2,35,6,635000,1.0,0,,,,0
NS-01952,21,Female,Hatchback,Petrol,Tier 3,0,11,447000,1.0,0,,,,0
NS-00600,25,Female,Hatchback,Petrol,Tier 1,20,4,402000,1.0,1,37800.0,Theft,Rain,0
NS-00276,54,Male,Hatchback,Petrol,Tier 1,45,7,644000,1.0,0,,,,0
NS-01984,25,Female,SUV,CNG,Tier 3,50,5,1697000,1.0,0,,,,0
NS-01090,22,Male,SUV,Petrol,Tier 2,0,14,1999000,1.0,0,,,,0
NS-00361,55,Male,Hatchback,Petrol,Tier 1,0,6,562000,1.0,1,41000.0,Collision,Fog,0
NS-01608,48,Female,Hatchback,Petrol,Tier 2,25,4,491000,1.0,0,,,,0
NS-02049,50,Female,Two-Wheeler,Petrol,Tier 3,0,3,197000,1.0,0,,,,0
NS-01188,27,Female,Sedan,Diesel,Tier 2,0,2,1113000,1.0,0,,,,0
NS-02149,52,Male,SUV,Diesel,Tier 3,25,10,1923000,1.0,0,,,,0
NS-00458,63,Male,Hatchback,Diesel,Tier 1,0,13,677000,1.0,1,17800.0,Theft,Rain,0
NS-01905,34,Female,SUV,Petrol,Tier 3,45,2,978000,1.0,0,,,,0
NS-00742,62,Female,Hatchback,Diesel,Tier 1,35,12,430000,1.0,0,,,,0
NS-01428,32,Male,Hatchback,CNG,Tier 2,0,4,591000,1.0,0,,,,0
NS-01814,37,Female,Sedan,CNG,Tier 3,20,1,917000,1.0,0,,,,0
NS-01563,48,Female,SUV,Diesel,Tier 2,0,6,1909000,1.0,0,,,,0
NS-01976,63,Female,SUV,Diesel,Tier 3,25,14,2097000,1.0,1,15300.0,Third-Party Liability,Clear,0
NS-00287,39,Male,Hatchback,Diesel,Tier 1,0,7,614000,1.0,0,,,,0
NS-02189,43,Male,Hatchback,CNG,Tier 3,0,15,508000,1.0,0,,,,0
NS-00407,59,Female,Hatchback,Petrol,Tier 1,0,1,617000,1.0,0,,,,0
NS-01612,27,Female,Sedan,Diesel,Tier 2,0,0,1176000,1.0,0,,,,0
NS-00164,53,Female,Sedan,Petrol,Tier 1,35,13,700000,1.0,0,,,,0
NS-00696,26,Male,Two-Wheeler,CNG,Tier 1,35,6,66000,1.0,0,,,,0
NS-01205,46,Female,Sedan,Diesel,Tier 2,0,1,694000,1.0,0,,,,0
NS-00424,32,Male,Sedan,Petrol,Tier 1,0,10,1021000,1.0,0,,,,0
NS-01641,42,Female,SUV,Petrol,Tier 2,20,12,1368000,1.0,1,26100.0,Collision,Clear,1
NS-01447,45,Female,Two-Wheeler,Diesel,Tier 2,0,2,165000,1.0,0,,,,0
NS-01438,53,Male,Two-Wheeler,Diesel,Tier 2,50,8,154000,1.0,1,50600.0,Collision,Clear,0
NS-01279,37,Male,Hatchback,Petrol,Tier 2,35,5,373000,1.0,0,,,,0
NS-00066,50,Male,Two-Wheeler,Petrol,Tier 1,35,12,91000,1.0,0,,,,0
NS-02300,39,Female,Hatchback,Diesel,Tier 3,35,2,381000,1.0,0,,,,0
NS-01714,32,Male,Hatchback,Petrol,Tier 2,25,4,471000,1.0,0,,,,0
NS-02347,50,Male,Sedan,Petrol,Tier 3,0,4,980000,1.0,0,,,,0
NS-01519,40,Female,Sedan,CNG,Tier 2,0,2,1008000,1.0,0,,,,0
NS-00231,56,Female,SUV,Petrol,Tier 1,25,13,2108000,1.0,0,,,,0
NS-01749,27,Female,SUV,Petrol,Tier 2,35,2,2063000,1.0,0,,,,0
NS-00583,22,Male,Hatchback,Petrol,Tier 1,0,6,420000,1.0,0,,,,0
NS-01413,33,Male,SUV,Electric,Tier 2,50,2,938000,1.0,1,77800.0,Collision,Rain,0
NS-01464,31,Male,Sedan,Petrol,Tier 2,25,3,733000,1.0,0,,,,0
NS-00597,51,Male,Sedan,Petrol,Tier 1,25,10,1123000,1.0,1,52000.0,Third-Party Liability,Fog,0
NS-00932,36,Male,Sedan,Petrol,Tier 1,0,6,642000,1.0,0,,,,0
NS-00375,34,Female,Sedan,Petrol,Tier 1,0,4,797000,1.0,0,,,,0
NS-00621,33,Male,Two-Wheeler,CNG,Tier 1,25,1,80000,1.0,0,,,,0
NS-01383,32,Female,Two-Wheeler,Petrol,Tier 2,0,5,144000,1.0,0,,,,0
NS-02221,31,Male,Two-Wheeler,Petrol,Tier 3,20,7,74000,1.0,0,,,,0
NS-00298,37,Female,Hatchback,Petrol,Tier 1,20,3,538000,1.0,0,,,,0
NS-01334,28,Female,Hatchback,Diesel,Tier 2,25,5,634000,1.0,0,,,,0
NS-00100,45,Female,Two-Wheeler,Petrol,Tier 1,0,8,140000,1.0,0,,,,0
NS-00671,49,Female,Hatchback,Diesel,Tier 1,45,6,496000,1.0,0,,,,0
NS-00694,62,Male,Sedan,Petrol,Tier 1,0,10,1091000,1.0,1,31700.0,Theft,Clear,0
NS-00530,45,Male,SUV,Diesel,Tier 1,35,1,2108000,1.0,0,,,,0
NS-02051,57,Female,Sedan,Electric,Tier 3,50,10,701000,1.0,0,,,,0
NS-02201,33,Female,Sedan,Electric,Tier 3,20,0,709000,1.0,0,,,,0
NS-02110,49,Male,Hatchback,Petrol,Tier 3,50,13,625000,1.0,0,,,,0
NS-00186,42,Female,Hatchback,Petrol,Tier 1,20,12,380000,1.0,1,71600.0,Natural Disaster,Clear,0
NS-02353,65,Male,SUV,Diesel,Tier 3,50,0,1184000,1.0,0,,,,0
NS-00884,46,Male,Hatchback,Petrol,Tier 1,20,11,423000,1.0,0,,,,0
NS-01242,61,Male,Hatchback,Petrol,Tier 2,0,12,531000,1.0,0,,,,0
NS-01494,45,Male,Hatchback,Petrol,Tier 2,0,8,671000,1.0,0,,,,0
NS-00512,30,Female,Hatchback,Petrol,Tier 1,0,3,561000,1.0,0,,,,0
NS-01792,40,Female,Hatchback,CNG,Tier 2,0,15,350000,1.0,0,,,,0
NS-01030,27,Female,Hatchback,CNG,Tier 2,0,11,629000,1.0,0,,,,0
NS-01264,36,Male,Hatchback,Diesel,Tier 2,25,2,401000,1.0,0,,,,0
NS-01005,60,Female,Sedan,Diesel,Tier 2,35,2,745000,1.0,0,,,,0
NS-01411,22,Female,Hatchback,Diesel,Tier 2,35,13,365000,1.0,0,,,,0
NS-00953,62,Female,Hatchback,Petrol,Tier 1,0,13,438000,1.0,0,,,,0
NS-02076,28,Male,Hatchback,CNG,Tier 3,0,2,521000,1.0,0,,,,0
NS-00907,65,Male,Two-Wheeler,Petrol,Tier 1,35,0,164000,1.0,0,,,,0
NS-02185,28,Male,Hatchback,CNG,Tier 3,20,14,481000,1.0,0,,,,0
NS-00024,22,Male,Two-Wheeler,Petrol,Tier 1,45,15,153000,1.0,0,,,,0
NS-01006,52,Female,Sedan,Petrol,Tier 2,0,11,929000,1.0,0,,,,0
NS-01751,57,Male,Hatchback,Petrol,Tier 2,45,14,407000,1.0,0,,,,0
NS-00808,37,Female,SUV,Diesel,Tier 1,0,11,1741000,1.0,0,,,,0
NS-02294,42,Female,Sedan,Diesel,Tier 3,25,8,1158000,1.0,0,,,,0
NS-01554,32,Female,SUV,Petrol,Tier 2,20,10,1410000,1.0,0,,,,0
NS-02203,52,Male,Two-Wheeler,Diesel,Tier 3,25,10,75000,1.0,0,,,,0
NS-01947,26,Male,Hatchback,Diesel,Tier 3,25,10,548000,1.0,0,,,,0
NS-02080,49,Female,SUV,Petrol,Tier 3,45,4,1913000,1.0,0,,,,0
NS-00312,45,Male,Two-Wheeler,CNG,Tier 1,0,9,143000,1.0,0,,,,0
NS-00352,65,Male,Hatchback,Petrol,Tier 1,20,4,469000,1.0,0,,,,0
NS-00549,49,Female,Sedan,Petrol,Tier 1,25,13,1055000,1.0,0,,,,0
NS-00307,51,Female,Sedan,Diesel,Tier 1,20,8,1084000,1.0,0,,,,0
NS-00288,50,Female,Two-Wheeler,Petrol,Tier 1,35,3,183000,1.0,0,,,,0
NS-01732,25,Female,Two-Wheeler,Petrol,Tier 2,25,0,80000,1.0,0,,,,0
NS-01034,54,Female,Hatchback,Petrol,Tier 2,0,2,455000,1.0,0,,,,0
NS-01259,30,Female,Two-Wheeler,CNG,Tier 2,35,14,148000,1.0,0,,,,0
NS-02356,53,Female,SUV,CNG,Tier 3,0,2,1455000,1.0,0,,,,0
NS-01460,33,Female,Sedan,Petrol,Tier 2,0,5,802000,1.0,0,,,,0
NS-02044,31,Male,Hatchback,Diesel,Tier 3,35,0,489000,1.0,0,,,,0
NS-00637,34,Male,Sedan,Petrol,Tier 1,25,15,940000,1.0,1,39700.0,Collision,Fog,0
NS-01305,60,Male,SUV,Petrol,Tier 2,0,13,2162000,1.0,0,,,,0
NS-01545,45,Male,Hatchback,Diesel,Tier 2,20,4,350000,1.0,1,60800.0,Natural Disaster,Clear,0
NS-01308,60,Male,Hatchback,Petrol,Tier 2,0,1,476000,1.0,0,,,,0
NS-01044,45,Male,Two-Wheeler,Petrol,Tier 2,0,11,199000,1.0,0,,,,0
NS-00014,44,Male,Sedan,Diesel,Tier 1,35,7,741000,1.0,0,,,,0
NS-01273,47,Female,Sedan,Diesel,Tier 2,50,13,1085000,1.0,0,,,,0
NS-00515,24,Male,Sedan,Petrol,Tier 1,35,13,837000,1.0,0,,,,0
NS-00410,62,Female,SUV,Diesel,Tier 1,20,13,1147000,1.0,0,,,,0
NS-01476,35,Male,Two-Wheeler,Petrol,Tier 2,35,5,188000,1.0,1,23000.0,Collision,Clear,0
NS-00314,46,Male,Sedan,Electric,Tier 1,20,11,1152000,1.0,0,,,,0
NS-01698,55,Male,Hatchback,Diesel,Tier 2,35,14,619000,1.0,0,,,,0
NS-00679,33,Female,Sedan,CNG,Tier 1,20,10,603000,1.0,0,,,,0
NS-01321,55,Female,Sedan,Petrol,Tier 2,50,3,922000,1.0,0,,,,0
NS-01500,22,Male,Sedan,Diesel,Tier 2,0,2,630000,1.0,0,,,,0
NS-01282,52,Female,Two-Wheeler,Petrol,Tier 2,45,4,156000,1.0,0,,,,0
NS-00383,29,Female,SUV,Petrol,Tier 1,0,14,1114000,1.0,0,,,,0
NS-00837,59,Male,Two-Wheeler,Diesel,Tier 1,0,9,118000,1.0,0,,,,0
NS-01467,46,Female,Hatchback,CNG,Tier 2,25,3,538000,1.0,0,,,,0
NS-00599,47,Female,Sedan,Petrol,Tier 1,0,8,789000,1.0,0,,,,0
NS-02030,27,Female,SUV,Diesel,Tier 3,25,1,971000,1.0,0,,,,0
NS-01691,48,Male,SUV,Petrol,Tier 2,20,0,1753000,1.0,0,,,,0
NS-00264,44,Male,Two-Wheeler,CNG,Tier 1,0,14,180000,1.0,0,,,,0
NS-02073,49,Female,Sedan,CNG,Tier 3,35,13,977000,1.0,0,,,,0
NS-00631,55,Male,Sedan,Petrol,Tier 1,50,2,900000,1.0,0,,,,0
NS-00964,33,Male,SUV,Diesel,Tier 1,0,3,972000,1.0,0,,,,0
NS-01607,57,Female,Two-Wheeler,Petrol,Tier 2,20,1,122000,1.0,0,,,,0
NS-02186,37,Female,Hatchback,Petrol,Tier 3,35,12,672000,1.0,0,,,,0
NS-01342,48,Female,Two-Wheeler,Diesel,Tier 2,25,2,136000,1.0,0,,,,0
NS-00009,43,Female,SUV,Petrol,Tier 1,35,4,2094000,1.0,0,,,,0
NS-00317,59,Male,Two-Wheeler,Diesel,Tier 1,0,12,146000,1.0,1,21100.0,Collision,Clear,0
NS-00305,41,Female,Hatchback,Petrol,Tier 1,50,13,671000,1.0,0,,,,0
NS-00428,28,Female,Hatchback,Electric,Tier 1,25,11,400000,1.0,0,,,,0
NS-00106,37,Female,Sedan,Petrol,Tier 1,35,6,856000,1.0,0,,,,0
NS-01810,57,Male,Hatchback,Petrol,Tier 3,35,11,633000,1.0,0,,,,0
NS-00122,24,Male,SUV,Petrol,Tier 1,0,13,1490000,1.0,0,,,,0
NS-01406,33,Male,Hatchback,Diesel,Tier 2,0,0,527000,1.0,0,,,,0
NS-01594,27,Female,SUV,Petrol,Tier 2,0,5,1678000,1.0,0,,,,0
NS-01193,56,Male,Two-Wheeler,Petrol,Tier 2,25,3,106000,1.0,0,,,,0
NS-01609,30,Male,Sedan,Petrol,Tier 2,25,15,1120000,1.0,0,,,,0
NS-00116,53,Male,SUV,Petrol,Tier 1,50,2,1157000,1.0,0,,,,0
NS-01152,36,Male,Sedan,Petrol,Tier 2,0,1,1199000,1.0,0,,,,0
NS-01412,26,Male,Hatchback,Petrol,Tier 2,25,15,576000,1.0,0,,,,0
NS-02240,59,Female,Sedan,Diesel,Tier 3,0,10,1000000,1.0,0,,,,0
NS-01133,26,Male,Two-Wheeler,Petrol,Tier 2,0,4,115000,1.0,0,,,,0
NS-00809,25,Male,Hatchback,Petrol,Tier 1,35,15,547000,1.0,1,97500.0,Fire,Clear,0
NS-01481,38,Male,Hatchback,Petrol,Tier 2,0,8,398000,1.0,0,,,,0
NS-01442,21,Female,Sedan,Diesel,Tier 2,20,7,1119000,1.0,0,,,,0
NS-00592,24,Female,Two-Wheeler,Petrol,Tier 1,0,11,126000,1.0,0,,,,0
NS-00846,28,Male,Sedan,CNG,Tier 1,25,8,1005000,1.0,0,,,,0
NS-02387,30,Male,Hatchback,Petrol,Tier 3,20,1,661000,1.0,0,,,,0
NS-01103,30,Female,Hatchback,Petrol,Tier 2,35,10,579000,1.0,0,,,,0
NS-02296,50,Male,Sedan,Diesel,Tier 3,50,4,918000,1.0,0,,,,0
NS-00553,45,Female,Hatchback,Petrol,Tier 1,50,8,458000,1.0,0,,,,0
NS-00088,42,Female,Sedan,Petrol,Tier 1,35,13,917000,1.0,0,,,,0
NS-02162,61,Female,Hatchback,Petrol,Tier 3,20,11,413000,1.0,0,,,,0
NS-02341,29,Male,Hatchback,Diesel,Tier 3,0,12,688000,1.0,0,,,,0
NS-01658,28,Female,Sedan,Diesel,Tier 2,0,14,781000,1.0,0,,,,0
NS-02275,48,Male,Hatchback,Petrol,Tier 3,35,14,382000,1.0,0,,,,0
NS-01933,22,Male,Two-Wheeler,CNG,Tier 3,25,7,158000,1.0,0,,,,0
NS-02014,51,Male,Sedan,Petrol,Tier 3,25,6,1050000,1.0,0,,,,0
NS-00544,42,Male,Sedan,Petrol,Tier 1,0,9,627000,1.0,0,,,,0
NS-01595,47,Female,SUV,Diesel,Tier 2,35,3,1936000,1.0,0,,,,0
NS-02130,49,Male,SUV,Petrol,Tier 3,0,10,1850000,1.0,0,,,,0
NS-00495,40,Female,SUV,Petrol,Tier 1,20,3,1299000,1.0,0,,,,0
NS-02272,26,Male,SUV,Petrol,Tier 3,0,13,1968000,1.0,0,,,,0
NS-02395,27,Male,Hatchback,Diesel,Tier 3,45,5,409000,1.0,0,,,,0
NS-01404,36,Male,Hatchback,Diesel,Tier 2,25,7,441000,1.0,0,,,,0
NS-00965,34,Female,Hatchback,Petrol,Tier 1,20,12,424000,1.0,0,,,,0
NS-00072,61,Male,Two-Wheeler,Petrol,Tier 1,45,3,159000,1.0,0,,,,0
NS-00064,27,Male,SUV,Electric,Tier 1,50,8,1967000,1.0,0,,,,0
NS-00842,45,Male,Hatchback,Diesel,Tier 1,0,0,428000,1.0,0,,,,0
NS-01654,37,Male,SUV,Petrol,Tier 2,20,0,1046000,1.0,0,,,,0
NS-01835,37,Male,SUV,Petrol,Tier 3,0,13,1870000,1.0,0,,,,0
NS-01245,24,Female,Hatchback,Petrol,Tier 2,25,8,691000,1.0,0,,,,0
NS-01753,55,Female,Two-Wheeler,Petrol,Tier 2,20,5,96000,1.0,0,,,,0
NS-00501,46,Male,Sedan,Diesel,Tier 1,25,9,1147000,1.0,0,,,,0
NS-01422,21,Male,Hatchback,Petrol,Tier 2,20,3,592000,1.0,0,,,,0
NS-01384,36,Female,Hatchback,Diesel,Tier 2,20,2,434000,1.0,0,,,,0
NS-01805,58,Female,Hatchback,CNG,Tier 3,0,3,423000,1.0,0,,,,0
NS-00756,61,Male,Hatchback,Petrol,Tier 1,45,3,555000,1.0,0,,,,0
NS-00206,43,Male,Hatchback,Petrol,Tier 1,0,8,415000,1.0,0,,,,0
NS-00908,58,Male,Hatchback,Petrol,Tier 1,35,14,507000,1.0,0,,,,0
NS-02274,53,Female,Two-Wheeler,Diesel,Tier 3,35,4,190000,1.0,0,,,,0
NS-00558,34,Female,Two-Wheeler,Diesel,Tier 1,0,2,108000,1.0,0,,,,0
NS-00378,22,Male,Sedan,Petrol,Tier 1,25,15,1022000,1.0,0,,,,0
NS-00536,42,Female,SUV,Diesel,Tier 1,20,4,1096000,1.0,0,,,,0
NS-02373,57,Male,Hatchback,Petrol,Tier 3,45,4,392000,1.0,0,,,,0
NS-00880,38,Female,SUV,Diesel,Tier 1,0,5,1396000,1.0,0,,,,0
NS-00199,24,Female,Sedan,Petrol,Tier 1,50,12,1075000,1.0,0,,,,0
NS-00562,48,Female,Sedan,Petrol,Tier 1,35,1,781000,1.0,0,,,,0
NS-01101,24,Male,SUV,Petrol,Tier 2,45,2,1941000,1.0,0,,,,0
NS-00591,50,Male,Hatchback,Diesel,Tier 1,50,4,436000,1.0,0,,,,0
NS-00520,49,Male,Hatchback,CNG,Tier 1,25,2,514000,1.0,0,,,,0
NS-00309,28,Male,Hatchback,Diesel,Tier 1,25,7,691000,1.0,0,,,,0
NS-01942,60,Male,Hatchback,Petrol,Tier 3,20,15,360000,1.0,0,,,,0
NS-02068,39,Male,Hatchback,Petrol,Tier 3,20,11,616000,1.0,0,,,,0
NS-01062,60,Male,Hatchback,Petrol,Tier 2,20,15,520000,1.0,0,,,,0
NS-00060,52,Male,Hatchback,Petrol,Tier 1,50,5,497000,1.0,0,,,,0
NS-00903,22,Male,Two-Wheeler,Petrol,Tier 1,25,2,114000,1.0,0,,,,0
NS-01095,31,Male,Two-Wheeler,Petrol,Tier 2,35,13,109000,1.0,0,,,,0
NS-00208,37,Male,SUV,CNG,Tier 1,25,1,1073000,1.0,0,,,,0
NS-01836,45,Male,Sedan,Petrol,Tier 3,0,1,668000,1.0,0,,,,0
NS-00706,33,Male,Hatchback,Petrol,Tier 1,25,7,698000,1.0,0,,,,0
NS-01357,61,Female,SUV,Petrol,Tier 2,20,9,1967000,1.0,0,,,,0
NS-00163,51,Female,SUV,Petrol,Tier 1,35,0,2077000,1.0,0,,,,0
NS-01182,50,Male,Two-Wheeler,Petrol,Tier 2,20,9,184000,1.0,0,,,,0
NS-01787,47,Female,Sedan,CNG,Tier 2,50,7,727000,1.0,0,,,,0
NS-02370,36,Male,Two-Wheeler,Petrol,Tier 3,20,11,121000,1.0,0,,,,0
NS-00257,40,Male,Hatchback,Petrol,Tier 1,20,5,609000,1.0,0,,,,0
NS-00507,50,Female,Hatchback,CNG,Tier 1,35,0,669000,1.0,0,,,,0
NS-01780,39,Male,Hatchback,Petrol,Tier 2,0,2,367000,1.0,0,,,,0
NS-02016,35,Female,SUV,CNG,Tier 3,25,7,2008000,1.0,0,,,,0
NS-02358,30,Male,Sedan,Petrol,Tier 3,35,12,924000,1.0,0,,,,0
NS-00701,23,Female,SUV,Petrol,Tier 1,20,3,1172000,1.0,0,,,,0
NS-01513,63,Female,Hatchback,Petrol,Tier 2,45,10,649000,1.0,0,,,,0
NS-00021,22,Female,SUV,Petrol,Tier 1,25,13,1607000,1.0,0,,,,0
NS-01270,53,Female,SUV,Petrol,Tier 2,0,4,1103000,1.0,0,,,,0
NS-00916,50,Male,Two-Wheeler,Petrol,Tier 1,0,14,106000,1.0,0,,,,0
NS-00382,52,Male,Sedan,Diesel,Tier 1,0,3,896000,1.0,0,,,,0
NS-00539,26,Male,Hatchback,Diesel,Tier 1,50,8,431000,1.0,0,,,,0
NS-01643,31,Male,SUV,Petrol,Tier 2,0,15,1189000,1.0,0,,,,0
NS-01125,33,Male,SUV,Petrol,Tier 2,45,8,1066000,1.0,0,,,,0
NS-00084,23,Male,Two-Wheeler,Petrol,Tier 1,0,0,140000,1.0,0,,,,0
NS-02106,63,Female,SUV,Petrol,Tier 3,20,7,1114000,1.0,0,,,,0
NS-01088,41,Female,Sedan,Diesel,Tier 2,0,15,1193000,1.0,0,,,,0
NS-01744,21,Female,Hatchback,Petrol,Tier 2,20,2,374000,1.0,0,,,,0
NS-02166,37,Male,Two-Wheeler,Petrol,Tier 3,0,9,158000,1.0,0,,,,0
NS-00271,36,Female,Two-Wheeler,Electric,Tier 1,20,11,152000,1.0,0,,,,0
NS-02144,21,Female,Hatchback,Petrol,Tier 3,25,15,499000,1.0,0,,,,0
NS-02209,35,Female,SUV,Petrol,Tier 3,20,2,1830000,1.0,0,,,,0
NS-01518,34,Male,Two-Wheeler,Petrol,Tier 2,35,10,105000,1.0,0,,,,0
NS-02171,65,Female,Two-Wheeler,Petrol,Tier 3,35,10,193000,1.0,0,,,,0
NS-00987,60,Female,Sedan,Petrol,Tier 1,20,13,695000,1.0,0,,,,0
NS-00728,36,Male,Sedan,Petrol,Tier 1,25,12,674000,1.0,0,,,,0
NS-00430,23,Female,Hatchback,Petrol,Tier 1,20,5,505000,1.0,0,,,,0
NS-01361,54,Male,Sedan,CNG,Tier 2,35,0,1000000,1.0,0,,,,0
NS-02107,57,Male,SUV,Petrol,Tier 3,0,15,1921000,1.0,0,,,,0
NS-02118,38,Male,Sedan,Petrol,Tier 3,25,9,804000,1.0,0,,,,0
NS-00459,43,Female,Two-Wheeler,Diesel,Tier 1,20,13,103000,1.0,0,,,,0
NS-00079,34,Female,Hatchback,Petrol,Tier 1,45,14,694000,1.0,1,69800.0,Theft,Rain,0
NS-02033,32,Female,SUV,Diesel,Tier 3,0,8,1967000,1.0,0,,,,0
NS-00033,39,Male,Hatchback,CNG,Tier 1,35,9,479000,1.0,0,,,,0
NS-01068,37,Male,SUV,Diesel,Tier 2,50,11,984000,1.0,0,,,,0
NS-00793,60,Female,Two-Wheeler,Electric,Tier 1,20,3,181000,1.0,0,,,,0
NS-02155,33,Female,SUV,Petrol,Tier 3,45,14,2114000,1.0,0,,,,0
NS-00381,42,Male,Hatchback,CNG,Tier 1,25,8,357000,1.0,0,,,,0
NS-00227,62,Male,Two-Wheeler,Petrol,Tier 1,20,6,196000,1.0,0,,,,0
NS-01526,28,Female,Hatchback,Diesel,Tier 2,0,13,639000,1.0,0,,,,0
NS-00716,42,Female,Two-Wheeler,Petrol,Tier 1,35,4,163000,1.0,0,,,,0
NS-02059,32,Male,SUV,Petrol,Tier 3,20,3,1252000,1.0,0,,,,0
NS-00687,25,Female,Sedan,Petrol,Tier 1,25,11,875000,1.0,0,,,,0
NS-02040,27,Male,Sedan,Diesel,Tier 3,45,1,1161000,1.0,1,15500.0,Collision,Clear,0
NS-01965,30,Male,SUV,Diesel,Tier 3,45,6,1215000,1.0,0,,,,0
NS-00306,49,Female,Two-Wheeler,Petrol,Tier 1,20,14,71000,1.0,0,,,,0
NS-00210,38,Male,SUV,Petrol,Tier 1,45,0,1304000,1.0,0,,,,0
NS-00863,26,Female,Two-Wheeler,Petrol,Tier 1,0,11,132000,1.0,0,,,,0
NS-02251,27,Male,Hatchback,Petrol,Tier 3,20,11,657000,1.0,0,,,,0
NS-02380,54,Male,Hatchback,Diesel,Tier 3,0,14,586000,1.0,1,24200.0,Collision,Clear,0
NS-01707,64,Male,Sedan,Petrol,Tier 2,0,9,1116000,1.0,0,,,,0
NS-01179,53,Female,Hatchback,CNG,Tier 2,0,11,632000,1.0,0,,,,0
NS-02119,63,Female,Two-Wheeler,Petrol,Tier 3,25,5,90000,1.0,0,,,,0
NS-00766,50,Female,Two-Wheeler,CNG,Tier 1,0,11,105000,1.0,0,,,,0
NS-01916,40,Female,Hatchback,CNG,Tier 3,35,7,465000,1.0,0,,,,0
NS-01929,50,Male,Hatchback,Petrol,Tier 3,0,9,629000,1.0,0,,,,0
NS-01107,57,Female,Two-Wheeler,Petrol,Tier 2,35,5,150000,1.0,0,,,,0
NS-02361,29,Male,Sedan,Diesel,Tier 3,45,14,610000,1.0,0,,,,0
NS-00484,60,Male,Hatchback,Petrol,Tier 1,25,0,555000,1.0,0,,,,0
NS-01322,45,Female,Hatchback,Petrol,Tier 2,25,3,354000,1.0,0,,,,0
NS-00278,45,Female,SUV,CNG,Tier 1,0,13,1432000,1.0,0,,,,0
NS-01178,35,Female,Two-Wheeler,Diesel,Tier 2,20,6,183000,1.0,0,,,,0
NS-00222,50,Female,Hatchback,Diesel,Tier 1,25,10,568000,1.0,0,,,,0
NS-01028,44,Female,Hatchback,Electric,Tier 2,25,5,646000,1.0,0,,,,0
NS-00572,59,Male,Two-Wheeler,Diesel,Tier 1,20,7,78000,1.0,0,,,,0
NS-00412,36,Male,Hatchback,Petrol,Tier 1,25,15,643000,1.0,0,,,,0
NS-01134,40,Male,Sedan,Petrol,Tier 2,20,9,665000,1.0,0,,,,0
NS-02311,21,Male,Hatchback,Diesel,Tier 3,25,10,575000,1.0,0,,,,0
NS-00586,38,Male,Sedan,Diesel,Tier 1,25,5,823000,1.0,0,,,,0
NS-01806,61,Male,Sedan,Diesel,Tier 3,35,10,994000,1.0,0,,,,0
NS-01941,34,Female,Two-Wheeler,Petrol,Tier 3,0,12,194000,1.0,0,,,,0
NS-02394,45,Female,Hatchback,CNG,Tier 3,25,8,681000,1.0,0,,,,0
NS-01420,62,Male,Two-Wheeler,CNG,Tier 2,0,13,119000,1.0,0,,,,0
NS-00675,24,Female,SUV,Diesel,Tier 1,25,4,954000,1.0,0,,,,0
NS-01958,64,Female,SUV,Petrol,Tier 3,20,11,2182000,1.0,0,,,,0
NS-00448,65,Female,Hatchback,Diesel,Tier 1,35,13,450000,1.0,1,26300.0,Collision,Fog,0
NS-01084,37,Female,Two-Wheeler,Diesel,Tier 2,20,15,120000,1.0,0,,,,0
NS-02194,64,Female,Sedan,Petrol,Tier 3,35,13,804000,1.0,0,,,,0
NS-01560,41,Male,Two-Wheeler,Petrol,Tier 2,25,6,156000,1.0,0,,,,0
NS-02137,47,Male,Two-Wheeler,Petrol,Tier 3,0,6,147000,1.0,0,,,,0
NS-01472,32,Female,Hatchback,Petrol,Tier 2,50,13,557000,1.0,0,,,,0
NS-01504,36,Male,Two-Wheeler,Petrol,Tier 2,35,8,76000,1.0,0,,,,0
NS-00830,52,Male,Hatchback,Petrol,Tier 1,0,4,626000,1.0,0,,,,0
NS-00046,39,Male,Hatchback,Diesel,Tier 1,45,11,598000,1.0,0,,,,0
NS-02103,54,Female,Sedan,Diesel,Tier 3,20,6,732000,1.0,0,,,,0
NS-02379,35,Female,SUV,Diesel,Tier 3,20,1,1075000,1.0,0,,,,0
NS-00295,49,Female,Two-Wheeler,Petrol,Tier 1,25,9,199000,1.0,0,,,,0
NS-01419,60,Female,Two-Wheeler,Petrol,Tier 2,20,6,186000,1.0,0,,,,0
NS-00589,50,Female,Hatchback,CNG,Tier 1,50,15,531000,1.0,0,,,,0
NS-01877,64,Female,Two-Wheeler,Petrol,Tier 3,25,12,62000,1.0,0,,,,0
NS-01981,32,Female,Sedan,CNG,Tier 3,25,9,1184000,1.0,0,,,,0
NS-01371,65,Female,Hatchback,Diesel,Tier 2,20,2,578000,1.0,0,,,,0
NS-01724,47,Female,SUV,Diesel,Tier 2,0,14,1713000,1.0,0,,,,0
NS-02009,43,Female,Hatchback,Electric,Tier 3,35,11,528000,1.0,0,,,,0
NS-01269,40,Male,Sedan,Diesel,Tier 2,0,15,785000,1.0,0,,,,0
NS-00437,30,Male,Hatchback,Petrol,Tier 1,20,3,420000,1.0,0,,,,0
NS-00803,49,Male,Hatchback,Diesel,Tier 1,35,10,564000,1.0,1,12700.0,Collision,Rain,0
NS-01553,44,Male,Sedan,CNG,Tier 2,25,5,603000,1.0,0,,,,0
NS-00394,24,Male,Hatchback,CNG,Tier 1,45,11,455000,1.0,0,,,,0
NS-01911,39,Female,Sedan,Diesel,Tier 3,25,6,836000,1.0,0,,,,0
NS-00535,33,Male,SUV,Petrol,Tier 1,50,5,1785000,1.0,0,,,,0
NS-00031,23,Male,Two-Wheeler,Petrol,Tier 1,35,10,62000,1.0,0,,,,0
NS-01172,47,Male,Hatchback,CNG,Tier 2,25,8,420000,1.0,0,,,,0
NS-01997,45,Male,Two-Wheeler,Electric,Tier 3,35,6,151000,1.0,0,,,,0
NS-00747,38,Female,Two-Wheeler,Petrol,Tier 1,35,4,159000,1.0,0,,,,0
NS-01585,48,Male,Sedan,Diesel,Tier 2,20,9,681000,1.0,0,,,,0
NS-02234,42,Female,Sedan,Petrol,Tier 3,35,13,990000,1.0,0,,,,0
NS-01147,47,Female,Sedan,Petrol,Tier 2,20,3,1148000,1.0,0,,,,0
NS-01579,65,Male,Sedan,Petrol,Tier 2,35,14,939000,1.0,0,,,,0
NS-02314,26,Male,SUV,Petrol,Tier 3,25,2,902000,1.0,0,,,,0
NS-02126,51,Male,Hatchback,Diesel,Tier 3,25,15,365000,1.0,0,,,,0
NS-01515,56,Female,Two-Wheeler,Petrol,Tier 2,25,8,92000,1.0,0,,,,0
NS-01565,35,Male,Hatchback,Diesel,Tier 2,25,9,354000,1.0,1,43200.0,Collision,Fog,0
NS-01085,50,Female,Hatchback,Petrol,Tier 2,35,9,419000,1.0,0,,,,0
NS-00345,34,Female,Hatchback,Petrol,Tier 1,20,3,511000,1.0,0,,,,0
NS-00557,33,Female,Hatchback,Diesel,Tier 1,35,5,415000,1.0,0,,,,0
NS-01288,29,Female,Hatchback,Petrol,Tier 2,20,13,696000,1.0,0,,,,0
NS-02290,51,Male,Sedan,Petrol,Tier 3,20,2,922000,1.0,0,,,,0
NS-00681,30,Male,Hatchback,Electric,Tier 1,20,1,404000,1.0,0,,,,0
NS-00917,31,Male,Two-Wheeler,Petrol,Tier 1,0,7,179000,1.0,0,,,,0
NS-00904,31,Male,Sedan,Petrol,Tier 1,20,4,1165000,1.0,0,,,,0
NS-00353,34,Female,Hatchback,Petrol,Tier 1,0,5,559000,1.0,0,,,,0
NS-00092,52,Female,Hatchback,Petrol,Tier 1,0,0,516000,1.0,0,,,,0
NS-01838,23,Female,Hatchback,Diesel,Tier 3,25,14,623000,1.0,0,,,,0
NS-02091,48,Male,Sedan,Petrol,Tier 3,45,4,1095000,1.0,0,,,,0
NS-02087,24,Female,SUV,Petrol,Tier 3,25,1,2189000,1.0,0,,,,0
NS-00868,47,Male,SUV,Petrol,Tier 1,20,3,2103000,1.0,0,,,,0
NS-00262,44,Male,Hatchback,Petrol,Tier 1,50,4,675000,1.0,1,16600.0,Natural Disaster,Clear,1
NS-01827,51,Female,Two-Wheeler,Petrol,Tier 3,0,0,89000,1.0,0,,,,0
NS-00749,41,Female,Two-Wheeler,Diesel,Tier 1,20,10,133000,1.0,0,,,,0
NS-00818,24,Female,Two-Wheeler,CNG,Tier 1,20,1,160000,1.0,0,,,,0
NS-01617,50,Female,Sedan,Petrol,Tier 2,25,12,601000,1.0,1,26200.0,Theft,Clear,0
NS-00568,27,Male,Two-Wheeler,Petrol,Tier 1,25,11,193000,1.0,0,,,,0
NS-02237,29,Female,Hatchback,Diesel,Tier 3,0,12,595000,1.0,0,,,,0
NS-01901,53,Female,Sedan,CNG,Tier 3,20,0,1139000,1.0,0,,,,0
NS-01937,41,Male,SUV,CNG,Tier 3,20,10,1962000,1.0,0,,,,0
NS-02391,51,Female,SUV,Diesel,Tier 3,25,15,1349000,1.0,0,,,,0
NS-02384,35,Male,Sedan,Diesel,Tier 3,50,6,1101000,1.0,0,,,,0
NS-02031,60,Female,Hatchback,Petrol,Tier 3,0,0,426000,1.0,0,,,,0
NS-00301,28,Female,Hatchback,CNG,Tier 1,25,12,522000,1.0,0,,,,0
NS-01294,58,Female,SUV,Petrol,Tier 2,45,7,1610000,1.0,0,,,,0
NS-02324,40,Male,Sedan,Diesel,Tier 3,0,10,1150000,1.0,0,,,,0
NS-01272,53,Male,SUV,Petrol,Tier 2,35,5,1681000,1.0,0,,,,0
NS-02276,49,Female,Sedan,Petrol,Tier 3,0,12,971000,1.0,0,,,,0
NS-01024,29,Female,Two-Wheeler,Diesel,Tier 2,0,3,149000,1.0,0,,,,0
NS-00316,32,Female,Hatchback,Petrol,Tier 1,25,11,571000,1.0,0,,,,0
NS-01904,32,Male,Sedan,Electric,Tier 3,50,12,1088000,1.0,0,,,,0
NS-00454,52,Female,Sedan,Petrol,Tier 1,35,7,639000,1.0,0,,,,0
NS-00602,29,Female,Two-Wheeler,Diesel,Tier 1,50,0,64000,1.0,0,,,,0
NS-00176,32,Female,Sedan,Petrol,Tier 1,20,9,662000,1.0,0,,,,0
NS-01333,21,Female,Hatchback,CNG,Tier 2,50,5,424000,1.0,0,,,,0
NS-01174,52,Male,Two-Wheeler,Petrol,Tier 2,0,14,171000,1.0,1,28500.0,Collision,Clear,0
NS-00038,39,Female,Hatchback,Petrol,Tier 1,25,4,690000,1.0,0,,,,0
NS-00124,22,Male,Sedan,Diesel,Tier 1,35,5,962000,1.0,0,,,,0
NS-00892,49,Male,Hatchback,Diesel,Tier 1,35,9,678000,1.0,1,33300.0,Collision,Rain,0
NS-00395,42,Female,Hatchback,CNG,Tier 1,0,0,618000,1.0,1,43700.0,Natural Disaster,Rain,0
NS-01190,38,Male,Two-Wheeler,Diesel,Tier 2,20,13,113000,1.0,0,,,,0
NS-02257,36,Female,SUV,Electric,Tier 3,45,2,1918000,1.0,0,,,,0
NS-00040,25,Female,Sedan,Petrol,Tier 1,0,0,810000,1.0,0,,,,0
NS-00463,58,Female,Sedan,Petrol,Tier 1,35,5,784000,1.0,0,,,,0
NS-02335,57,Male,Sedan,Diesel,Tier 3,25,6,1094000,1.0,0,,,,0
NS-01729,64,Male,Hatchback,Petrol,Tier 2,25,7,522000,1.0,1,44800.0,Third-Party Liability,Clear,0
NS-00332,40,Male,Sedan,Petrol,Tier 1,0,7,1011000,1.0,0,,,,0
NS-01606,56,Female,Hatchback,Petrol,Tier 2,45,2,470000,1.0,0,,,,0
NS-00195,48,Male,Two-Wheeler,Diesel,Tier 1,0,6,190000,1.0,0,,,,0
NS-02256,34,Female,Two-Wheeler,Electric,Tier 3,0,3,60000,1.0,0,,,,0
NS-02282,55,Female,Hatchback,Petrol,Tier 3,45,0,391000,1.0,0,,,,0
NS-00635,36,Female,Sedan,CNG,Tier 1,25,4,1065000,1.0,0,,,,0
NS-00323,53,Female,SUV,CNG,Tier 1,20,1,1608000,1.0,0,,,,0
NS-01936,55,Female,Hatchback,Diesel,Tier 3,50,10,557000,1.0,0,,,,0
NS-00267,48,Male,SUV,Diesel,Tier 1,35,8,1450000,1.0,0,,,,0
NS-01533,25,Male,Two-Wheeler,Petrol,Tier 2,25,0,146000,1.0,0,,,,0
NS-02004,42,Male,Hatchback,Petrol,Tier 3,50,11,366000,1.0,0,,,,0
NS-00580,57,Male,Sedan,Petrol,Tier 1,45,5,1141000,1.0,0,,,,0
NS-01390,32,Female,Sedan,Petrol,Tier 2,50,11,768000,1.0,0,,,,0
NS-01360,56,Male,Sedan,CNG,Tier 2,50,11,639000,1.0,0,,,,0
NS-02067,35,Male,Sedan,Petrol,Tier 3,0,7,1018000,1.0,0,,,,0
NS-01934,21,Female,SUV,Petrol,Tier 3,20,3,1415000,1.0,0,,,,0
NS-00962,24,Female,Two-Wheeler,Petrol,Tier 1,25,2,132000,1.0,0,,,,0
NS-01978,38,Female,Sedan,Petrol,Tier 3,0,11,974000,1.0,0,,,,0
NS-01058,38,Female,SUV,Electric,Tier 2,25,7,1410000,1.0,0,,,,0
NS-01831,21,Male,Sedan,Petrol,Tier 3,25,2,1073000,1.0,0,,,,0
NS-01348,64,Male,Two-Wheeler,Petrol,Tier 2,25,4,137000,1.0,0,,,,0
NS-01387,50,Male,Two-Wheeler,Diesel,Tier 2,25,13,100000,1.0,0,,,,0
NS-00850,38,Female,Two-Wheeler,CNG,Tier 1,25,4,193000,1.0,0,,,,0
NS-01399,36,Male,Hatchback,Diesel,Tier 2,35,11,680000,1.0,1,34300.0,Collision,Clear,0
NS-02316,26,Male,Sedan,Diesel,Tier 3,35,15,1027000,1.0,0,,,,0
NS-01194,21,Female,Sedan,Petrol,Tier 2,0,12,656000,1.0,0,,,,0
NS-00573,60,Female,Two-Wheeler,Petrol,Tier 1,0,0,71000,1.0,0,,,,0
NS-01186,31,Male,Hatchback,Diesel,Tier 2,25,14,568000,1.0,0,,,,0
NS-02099,32,Female,Sedan,Petrol,Tier 3,0,11,830000,1.0,0,,,,0
NS-02174,28,Female,SUV,CNG,Tier 3,25,2,2028000,1.0,0,,,,0
NS-01122,23,Male,Sedan,Diesel,Tier 2,45,4,1183000,1.0,0,,,,0
NS-01132,44,Female,Two-Wheeler,Diesel,Tier 2,20,9,153000,1.0,0,,,,0
NS-02360,40,Male,Two-Wheeler,CNG,Tier 3,20,13,198000,1.0,0,,,,0
NS-01035,57,Female,Sedan,Petrol,Tier 2,35,11,1126000,1.0,0,,,,0
NS-00054,33,Male,Sedan,Petrol,Tier 1,0,7,1104000,1.0,0,,,,0
NS-00773,53,Male,Sedan,Diesel,Tier 1,0,1,621000,1.0,0,,,,0
NS-01378,35,Female,Hatchback,Petrol,Tier 2,25,4,640000,1.0,1,38100.0,Collision,Rain,0
NS-02078,23,Male,SUV,CNG,Tier 3,20,3,1661000,1.0,0,,,,0
NS-01454,32,Female,SUV,Diesel,Tier 2,0,12,1991000,1.0,0,,,,0
NS-00506,51,Male,Two-Wheeler,Petrol,Tier 1,20,2,133000,1.0,0,,,,0
NS-00753,43,Female,Two-Wheeler,CNG,Tier 1,0,4,190000,1.0,0,,,,0
NS-01286,33,Male,Hatchback,Diesel,Tier 2,35,14,418000,1.0,0,,,,0
NS-02046,31,Male,Sedan,Petrol,Tier 3,0,1,1117000,1.0,0,,,,0
NS-01702,31,Female,Sedan,CNG,Tier 2,35,3,607000,1.0,0,,,,0
NS-01524,57,Female,Sedan,Petrol,Tier 2,20,3,849000,1.0,0,,,,0
NS-01045,36,Female,Two-Wheeler,Petrol,Tier 2,35,5,82000,1.0,0,,,,0
NS-00366,32,Female,SUV,Petrol,Tier 1,50,4,1236000,1.0,0,,,,0
NS-00979,35,Female,Hatchback,Diesel,Tier 1,0,1,400000,1.0,0,,,,0
NS-01961,24,Male,Hatchback,Diesel,Tier 3,20,0,680000,1.0,0,,,,0
NS-01869,56,Female,Two-Wheeler,Petrol,Tier 3,0,11,134000,1.0,0,,,,0
NS-00310,51,Male,Hatchback,Diesel,Tier 1,0,5,353000,1.0,0,,,,0
NS-02117,25,Male,Two-Wheeler,Diesel,Tier 3,0,14,87000,1.0,0,,,,0
NS-02036,36,Male,Hatchback,Petrol,Tier 3,0,10,386000,1.0,0,,,,0
NS-02365,65,Male,Hatchback,Petrol,Tier 3,0,5,665000,1.0,0,,,,0
NS-00584,46,Female,Sedan,Diesel,Tier 1,20,7,704000,1.0,0,,,,0
NS-00571,45,Male,Sedan,Diesel,Tier 1,25,6,742000,1.0,0,,,,0
NS-00772,65,Female,Sedan,Diesel,Tier 1,50,3,958000,1.0,0,,,,0
NS-02245,65,Male,Sedan,Diesel,Tier 3,20,14,607000,1.0,0,,,,0
NS-01839,49,Female,SUV,Petrol,Tier 3,20,10,1035000,1.0,0,,,,0
NS-00153,65,Female,Two-Wheeler,Electric,Tier 1,35,14,92000,1.0,0,,,,0
NS-02146,59,Male,SUV,Diesel,Tier 3,25,3,973000,1.0,0,,,,0
NS-01402,30,Female,Hatchback,Petrol,Tier 2,50,9,626000,1.0,0,,,,0
NS-01919,31,Male,Hatchback,Diesel,Tier 3,20,14,413000,1.0,0,,,,0
NS-01081,52,Male,Hatchback,Petrol,Tier 2,50,2,546000,1.0,1,26800.0,Collision,Rain,0
NS-00924,52,Female,Sedan,Diesel,Tier 1,25,1,1166000,1.0,1,41000.0,Collision,Clear,0
NS-01289,37,Female,Hatchback,Petrol,Tier 2,0,10,562000,1.0,0,,,,0
NS-00319,34,Female,Hatchback,CNG,Tier 1,0,14,531000,1.0,0,,,,0
NS-01808,37,Female,Hatchback,Petrol,Tier 3,25,8,387000,1.0,0,,,,0
NS-01761,26,Male,Hatchback,Petrol,Tier 2,0,9,692000,1.0,0,,,,0
NS-01038,27,Male,Two-Wheeler,Diesel,Tier 2,25,12,174000,1.0,0,,,,0
NS-01971,27,Male,Hatchback,Petrol,Tier 3,45,13,618000,1.0,0,,,,0
NS-01059,40,Male,Hatchback,Petrol,Tier 2,25,11,540000,1.0,0,,,,0
NS-01104,33,Female,SUV,Petrol,Tier 2,35,11,1406000,1.0,0,,,,0
NS-01079,57,Male,Sedan,CNG,Tier 2,35,12,1032000,1.0,0,,,,0
NS-02332,65,Male,Two-Wheeler,Petrol,Tier 3,45,9,168000,1.0,0,,,,0
NS-00344,39,Male,Hatchback,Petrol,Tier 1,0,15,547000,1.0,1,43400.0,Theft,Clear,0
NS-00889,30,Female,Sedan,Diesel,Tier 1,0,4,750000,1.0,0,,,,0
NS-01048,64,Male,Sedan,Petrol,Tier 2,35,10,1144000,1.0,0,,,,0
NS-00399,57,Female,Hatchback,Petrol,Tier 1,0,4,424000,1.0,1,40500.0,Collision,Rain,0
NS-00585,59,Female,Hatchback,Petrol,Tier 1,25,10,393000,1.0,0,,,,0
NS-00705,46,Male,Two-Wheeler,Petrol,Tier 1,25,5,69000,1.0,0,,,,0
NS-02011,52,Female,Hatchback,Diesel,Tier 3,0,5,534000,1.0,0,,,,0
NS-02034,63,Male,Hatchback,Petrol,Tier 3,0,12,477000,1.0,0,,,,0
NS-00293,55,Male,Hatchback,Petrol,Tier 1,35,1,645000,1.0,0,,,,0
NS-01812,41,Male,Two-Wheeler,Petrol,Tier 3,35,15,99000,1.0,0,,,,0
NS-01458,57,Male,Sedan,Diesel,Tier 2,45,0,1094000,1.0,0,,,,0
NS-01235,45,Male,SUV,Petrol,Tier 2,0,15,1374000,1.0,0,,,,0
NS-01382,23,Female,Sedan,Petrol,Tier 2,45,4,839000,1.0,0,,,,0
NS-00142,54,Female,Hatchback,CNG,Tier 1,20,10,487000,1.0,0,,,,0
NS-01201,36,Female,Sedan,Petrol,Tier 2,25,3,1033000,1.0,0,,,,0
NS-00003,35,Female,SUV,Petrol,Tier 1,25,10,2157000,1.0,0,,,,0
NS-01217,61,Male,Hatchback,Petrol,Tier 2,0,13,379000,1.0,0,,,,0
NS-00577,27,Female,Hatchback,Petrol,Tier 1,35,4,542000,1.0,0,,,,0
NS-01623,60,Female,Two-Wheeler,Petrol,Tier 2,20,2,85000,1.0,0,,,,0
NS-00340,53,Female,Sedan,Petrol,Tier 1,0,15,1191000,1.0,0,,,,0
NS-00359,23,Female,Hatchback,Petrol,Tier 1,20,7,414000,1.0,0,,,,0
NS-01576,56,Male,Sedan,Diesel,Tier 2,20,12,1097000,1.0,0,,,,0
NS-00926,26,Female,Hatchback,Diesel,Tier 1,0,6,465000,1.0,0,,,,0
NS-00266,23,Female,Two-Wheeler,Diesel,Tier 1,20,12,86000,1.0,0,,,,0
NS-00377,65,Female,Two-Wheeler,Petrol,Tier 1,20,9,135000,1.0,0,,,,0
NS-01527,63,Female,Sedan,Diesel,Tier 2,45,8,638000,1.0,0,,,,0
NS-01837,56,Male,Hatchback,Petrol,Tier 3,20,15,474000,1.0,0,,,,0
NS-00440,44,Male,Two-Wheeler,Petrol,Tier 1,25,15,158000,1.0,0,,,,0
NS-00272,48,Female,Two-Wheeler,Petrol,Tier 1,20,7,73000,1.0,0,,,,0
NS-02027,58,Female,Sedan,Petrol,Tier 3,20,15,725000,1.0,1,24000.0,Theft,Clear,1
NS-01463,30,Female,SUV,Electric,Tier 2,45,10,1213000,1.0,0,,,,0
NS-00245,43,Male,Hatchback,Petrol,Tier 1,20,1,507000,1.0,0,,,,0
NS-02000,39,Female,Sedan,Petrol,Tier 3,25,14,886000,1.0,0,,,,0
NS-01019,41,Male,Sedan,Petrol,Tier 2,25,2,1133000,1.0,0,,,,0
NS-02376,53,Male,Hatchback,Petrol,Tier 3,20,9,462000,1.0,0,,,,0
NS-01164,64,Female,Sedan,Petrol,Tier 2,0,0,1118000,1.0,0,,,,0
NS-00991,26,Female,Two-Wheeler,Petrol,Tier 1,0,4,183000,1.0,0,,,,0
NS-01863,55,Male,Hatchback,Petrol,Tier 3,45,3,370000,1.0,1,59000.0,Theft,Clear,0
NS-02262,43,Male,Sedan,Diesel,Tier 3,0,5,714000,1.0,0,,,,0
NS-00608,34,Female,SUV,Diesel,Tier 1,25,9,1928000,1.0,0,,,,0
NS-00416,38,Female,Hatchback,Diesel,Tier 1,45,13,686000,1.0,0,,,,0
NS-00274,34,Female,SUV,Petrol,Tier 1,25,4,2115000,1.0,0,,,,0
NS-02026,62,Female,Two-Wheeler,Petrol,Tier 3,35,11,184000,1.0,0,,,,0
NS-00781,63,Female,SUV,Petrol,Tier 1,0,0,2141000,1.0,1,100500.0,Collision,Clear,0
NS-01176,50,Female,Hatchback,CNG,Tier 2,20,11,696000,1.0,0,,,,0
NS-00251,62,Female,Hatchback,Diesel,Tier 1,0,3,619000,1.0,0,,,,0
NS-00414,56,Female,SUV,Diesel,Tier 1,35,10,2130000,1.0,0,,,,0
NS-02211,27,Female,Two-Wheeler,Diesel,Tier 3,0,15,181000,1.0,0,,,,0
NS-01828,53,Female,Hatchback,Petrol,Tier 3,20,14,355000,1.0,0,,,,0
NS-01547,55,Female,Two-Wheeler,Petrol,Tier 2,0,5,152000,1.0,0,,,,0
NS-00311,25,Male,Sedan,Petrol,Tier 1,45,0,911000,1.0,1,33600.0,Collision,Clear,0
NS-01693,30,Female,Hatchback,Petrol,Tier 2,45,5,570000,1.0,0,,,,0
NS-00894,59,Female,SUV,Petrol,Tier 1,0,3,1920000,1.0,0,,,,0
NS-01054,26,Female,Two-Wheeler,Electric,Tier 2,45,11,182000,1.0,1,36900.0,Natural Disaster,Fog,0
NS-00426,64,Female,SUV,CNG,Tier 1,0,3,964000,1.0,0,,,,0
NS-02328,27,Female,Hatchback,Petrol,Tier 3,45,15,483000,1.0,0,,,,0
NS-00016,53,Male,Sedan,Diesel,Tier 1,25,10,1042000,1.0,0,,,,0
NS-02167,52,Male,Sedan,Electric,Tier 3,0,4,803000,1.0,0,,,,0
NS-00722,44,Female,Sedan,Diesel,Tier 1,35,13,863000,1.0,0,,,,0
NS-01889,45,Female,Two-Wheeler,Diesel,Tier 3,0,10,164000,1.0,0,,,,0
NS-02104,44,Female,Two-Wheeler,Petrol,Tier 3,45,13,176000,1.0,0,,,,0
NS-00982,55,Male,Sedan,Diesel,Tier 1,50,3,653000,1.0,0,,,,0
NS-00349,42,Male,SUV,Diesel,Tier 1,50,9,1584000,1.0,1,30200.0,Collision,Rain,0
NS-01449,42,Female,Hatchback,Petrol,Tier 2,50,1,353000,1.0,0,,,,0
NS-01980,65,Female,Sedan,Petrol,Tier 3,0,11,975000,1.0,0,,,,0
NS-01274,29,Male,SUV,CNG,Tier 2,50,7,1115000,1.0,0,,,,0
NS-00527,35,Male,Hatchback,Diesel,Tier 1,20,14,535000,1.0,0,,,,0
NS-01796,59,Male,SUV,Petrol,Tier 2,0,9,1872000,1.0,0,,,,0
NS-00364,38,Female,Two-Wheeler,Petrol,Tier 1,25,4,96000,1.0,0,,,,0
NS-01262,31,Female,Hatchback,Petrol,Tier 2,20,1,353000,1.0,0,,,,0
NS-00183,36,Male,Sedan,Petrol,Tier 1,20,5,1157000,1.0,0,,,,0
NS-00986,41,Female,Hatchback,Petrol,Tier 1,0,15,469000,1.0,0,,,,0
NS-01747,64,Female,Two-Wheeler,Diesel,Tier 2,35,11,92000,1.0,0,,,,0
NS-00171,22,Female,Hatchback,Petrol,Tier 1,0,3,371000,1.0,0,,,,0
NS-01113,59,Female,Hatchback,Diesel,Tier 2,0,13,552000,1.0,0,,,,0
NS-01055,37,Male,Hatchback,CNG,Tier 2,0,6,509000,1.0,0,,,,0
NS-01076,32,Male,SUV,Petrol,Tier 2,20,13,2143000,1.0,0,,,,0
NS-00813,40,Female,SUV,Diesel,Tier 1,25,15,994000,1.0,0,,,,0
NS-00188,22,Female,Hatchback,Petrol,Tier 1,45,6,552000,1.0,0,,,,0
NS-00620,64,Female,Sedan,Petrol,Tier 1,20,3,696000,1.0,0,,,,0
NS-02056,39,Female,Sedan,Diesel,Tier 3,0,2,1144000,1.0,0,,,,0
NS-00152,39,Female,SUV,Petrol,Tier 1,0,7,2140000,1.0,0,,,,0
NS-00159,42,Female,Hatchback,Diesel,Tier 1,0,1,428000,1.0,1,38300.0,Collision,Fog,0
NS-01667,25,Male,Two-Wheeler,Petrol,Tier 2,0,6,60000,1.0,0,,,,0
NS-00273,42,Female,Two-Wheeler,Petrol,Tier 1,50,4,169000,1.0,0,,,,0
NS-00615,58,Male,SUV,Petrol,Tier 1,45,8,1674000,1.0,0,,,,0
NS-00490,26,Male,Hatchback,Petrol,Tier 1,0,0,400000,1.0,0,,,,0
NS-01963,48,Female,Hatchback,Diesel,Tier 3,0,10,586000,1.0,0,,,,0
NS-01592,25,Female,Two-Wheeler,Petrol,Tier 2,25,8,139000,1.0,0,,,,0
NS-00995,55,Female,Hatchback,Electric,Tier 1,25,8,397000,1.0,0,,,,0
NS-01851,58,Male,Two-Wheeler,Petrol,Tier 3,0,13,170000,1.0,0,,,,0
NS-00372,41,Male,SUV,Petrol,Tier 1,25,0,1938000,1.0,0,,,,0
NS-01209,26,Male,Hatchback,Diesel,Tier 2,0,1,689000,1.0,0,,,,0
NS-00223,39,Male,Sedan,Petrol,Tier 1,0,15,972000,1.0,0,,,,0
NS-00594,60,Female,Two-Wheeler,Petrol,Tier 1,0,14,161000,1.0,0,,,,0
NS-00477,33,Male,Hatchback,Diesel,Tier 1,0,7,573000,1.0,0,,,,0
NS-01946,48,Male,Sedan,CNG,Tier 3,45,2,1180000,1.0,0,,,,0
NS-01673,32,Female,Hatchback,Petrol,Tier 2,0,12,480000,1.0,0,,,,0
NS-00498,58,Male,SUV,Petrol,Tier 1,0,8,1231000,1.0,0,,,,0
NS-00840,39,Female,SUV,Petrol,Tier 1,20,4,1061000,1.0,0,,,,0
NS-00688,22,Male,Sedan,Diesel,Tier 1,25,14,1088000,1.0,0,,,,0
NS-01498,51,Male,Hatchback,Diesel,Tier 2,0,4,639000,1.0,0,,,,0
NS-00137,40,Male,Hatchback,Petrol,Tier 1,0,4,625000,1.0,0,,,,0
NS-00629,42,Female,Two-Wheeler,Petrol,Tier 1,0,5,139000,1.0,0,,,,0
NS-00335,55,Male,Sedan,Petrol,Tier 1,25,8,1112000,1.0,0,,,,0
NS-01339,54,Female,SUV,Petrol,Tier 2,45,10,1331000,1.0,0,,,,0
NS-01990,38,Female,Hatchback,Electric,Tier 3,0,3,541000,1.0,0,,,,0
NS-01091,47,Female,Hatchback,Diesel,Tier 2,20,10,436000,1.0,0,,,,0
NS-01620,24,Male,Two-Wheeler,Petrol,Tier 2,0,12,64000,1.0,0,,,,0
NS-00711,23,Male,SUV,Petrol,Tier 1,0,5,1753000,1.0,0,,,,0
NS-01316,58,Female,Two-Wheeler,CNG,Tier 2,0,0,135000,1.0,0,,,,0
NS-02263,53,Female,Hatchback,Petrol,Tier 3,0,6,575000,1.0,0,,,,0
NS-02207,22,Male,SUV,Diesel,Tier 3,35,9,1269000,1.0,0,,,,0
NS-00466,59,Male,Two-Wheeler,Petrol,Tier 1,35,1,126000,1.0,0,,,,0
NS-01230,64,Female,Hatchback,CNG,Tier 2,20,0,434000,1.0,0,,,,0
NS-02374,26,Male,Sedan,Electric,Tier 3,45,4,1144000,1.0,0,,,,0
NS-02306,58,Male,Hatchback,Petrol,Tier 3,35,10,685000,1.0,0,,,,0
NS-01256,40,Male,Two-Wheeler,Diesel,Tier 2,50,5,159000,1.0,0,,,,0
NS-01818,45,Female,SUV,Petrol,Tier 3,0,7,1050000,1.0,0,,,,0
NS-01335,44,Male,Sedan,Petrol,Tier 2,20,7,888000,1.0,0,,,,0
NS-01954,23,Male,Hatchback,CNG,Tier 3,45,2,631000,1.0,0,,,,0
NS-02323,32,Female,Sedan,Petrol,Tier 3,35,12,864000,1.0,0,,,,0
NS-02281,58,Male,Hatchback,Petrol,Tier 3,45,10,522000,1.0,0,,,,0
NS-01968,45,Male,Hatchback,Diesel,Tier 3,50,0,664000,1.0,0,,,,0
NS-00817,61,Male,SUV,Petrol,Tier 1,45,10,1833000,1.0,0,,,,0
NS-00275,35,Female,Hatchback,Petrol,Tier 1,35,13,561000,1.0,0,,,,0
NS-01538,45,Female,Sedan,Petrol,Tier 2,35,14,1046000,1.0,0,,,,0
NS-00866,36,Male,Hatchback,Petrol,Tier 1,25,4,535000,1.0,0,,,,0
NS-00102,26,Male,Hatchback,Petrol,Tier 1,25,9,470000,1.0,0,,,,0
NS-01396,28,Female,Hatchback,Diesel,Tier 2,25,13,494000,1.0,0,,,,0
NS-00108,62,Female,Two-Wheeler,Petrol,Tier 1,0,2,197000,1.0,0,,,,0
NS-02389,58,Male,SUV,CNG,Tier 3,25,0,1738000,1.0,0,,,,0
NS-01232,33,Male,Two-Wheeler,Diesel,Tier 2,0,13,159000,1.0,1,22600.0,Collision,Rain,0
NS-02216,28,Female,Sedan,Petrol,Tier 3,45,3,868000,1.0,0,,,,0
NS-01845,60,Female,SUV,Petrol,Tier 3,0,8,1787000,1.0,0,,,,0
NS-01552,34,Female,SUV,Petrol,Tier 2,0,13,2077000,1.0,0,,,,0
NS-01105,43,Male,Hatchback,CNG,Tier 2,25,12,688000,1.0,0,,,,0
NS-01358,34,Female,Two-Wheeler,Diesel,Tier 2,45,10,158000,1.0,0,,,,0
NS-00713,44,Male,Hatchback,CNG,Tier 1,20,12,581000,1.0,0,,,,0
NS-00073,59,Male,Sedan,Petrol,Tier 1,45,9,1007000,1.0,0,,,,0
NS-01633,25,Male,Sedan,Petrol,Tier 2,0,14,683000,1.0,0,,,,0
NS-02310,31,Male,SUV,Electric,Tier 3,20,5,1645000,1.0,0,,,,0
NS-00482,30,Female,Hatchback,Petrol,Tier 1,20,11,615000,1.0,0,,,,0
NS-01503,37,Male,Hatchback,CNG,Tier 2,20,6,543000,1.0,0,,,,0
NS-01284,28,Male,Sedan,Petrol,Tier 2,0,14,974000,1.0,0,,,,0
NS-01841,29,Female,Sedan,Petrol,Tier 3,25,0,766000,1.0,0,,,,0
NS-01299,56,Female,Hatchback,CNG,Tier 2,45,5,390000,1.0,0,,,,0
NS-00406,62,Male,Two-Wheeler,Petrol,Tier 1,25,10,108000,1.0,0,,,,0
NS-00758,47,Female,Hatchback,CNG,Tier 1,0,14,665000,1.0,0,,,,0
NS-01233,53,Female,Sedan,Diesel,Tier 2,35,14,1029000,1.0,0,,,,0
NS-01750,40,Male,Hatchback,CNG,Tier 2,20,8,525000,1.0,0,,,,0
NS-01180,37,Male,Sedan,Petrol,Tier 2,45,0,792000,1.0,0,,,,0
NS-01603,47,Female,Sedan,Petrol,Tier 2,0,4,1066000,1.0,0,,,,0
NS-00744,24,Male,Sedan,Petrol,Tier 1,25,5,649000,1.0,1,15700.0,Collision,Storm,0
NS-00807,36,Male,SUV,Petrol,Tier 1,25,1,1100000,1.0,0,,,,0
NS-02217,22,Female,SUV,Petrol,Tier 3,45,8,1576000,1.0,0,,,,0
NS-01722,63,Male,Two-Wheeler,CNG,Tier 2,20,6,183000,1.0,0,,,,0
NS-01492,26,Male,Hatchback,Petrol,Tier 2,35,13,592000,1.0,0,,,,0
NS-00149,34,Female,Two-Wheeler,Diesel,Tier 1,0,11,68000,1.0,1,15900.0,Third-Party Liability,Clear,0
NS-01115,40,Female,Sedan,Diesel,Tier 2,20,4,802000,1.0,0,,,,0
NS-01300,33,Male,Sedan,Petrol,Tier 2,20,3,1097000,1.0,0,,,,0
NS-00693,41,Male,Hatchback,Petrol,Tier 1,0,8,451000,1.0,0,,,,0
NS-00819,42,Female,Sedan,Petrol,Tier 1,0,7,933000,1.0,0,,,,0
NS-01591,64,Female,Two-Wheeler,CNG,Tier 2,35,8,85000,1.0,0,,,,0
NS-01304,33,Male,Hatchback,Petrol,Tier 2,20,8,490000,1.0,0,,,,0
NS-01551,48,Male,Hatchback,Diesel,Tier 2,50,2,418000,1.0,0,,,,0
NS-00702,27,Male,Sedan,Petrol,Tier 1,0,3,637000,1.0,1,34900.0,Third-Party Liability,Storm,0
NS-02125,21,Female,Sedan,Petrol,Tier 3,20,8,1118000,1.0,1,27300.0,Natural Disaster,Fog,0
NS-00922,43,Male,Hatchback,Electric,Tier 1,50,7,653000,1.0,0,,,,0
NS-00906,40,Male,SUV,Petrol,Tier 1,25,5,1367000,1.0,0,,,,0
NS-01879,51,Female,Sedan,Petrol,Tier 3,0,4,790000,1.0,0,,,,0
NS-01377,40,Female,Sedan,Petrol,Tier 2,0,1,845000,1.0,0,,,,0
NS-01940,24,Female,Two-Wheeler,Electric,Tier 3,35,2,105000,1.0,0,,,,0
NS-01114,64,Male,Sedan,Petrol,Tier 2,20,1,905000,1.0,0,,,,0
NS-00168,45,Female,Hatchback,CNG,Tier 1,45,2,509000,1.0,0,,,,0
NS-00731,65,Male,SUV,Petrol,Tier 1,20,0,1538000,1.0,0,,,,0
NS-01832,27,Male,Two-Wheeler,Diesel,Tier 3,45,15,116000,1.0,0,,,,0
NS-00027,28,Male,SUV,Petrol,Tier 1,0,14,1965000,1.0,0,,,,0
NS-01776,26,Male,Sedan,Diesel,Tier 2,0,6,994000,1.0,0,,,,0
NS-01380,40,Male,SUV,Petrol,Tier 2,35,11,1206000,1.0,0,,,,0
NS-00998,33,Male,Two-Wheeler,Petrol,Tier 1,0,2,189000,1.0,0,,,,0
NS-01041,24,Male,Sedan,Diesel,Tier 2,25,1,1000000,1.0,0,,,,0
NS-01466,47,Male,Sedan,Electric,Tier 2,35,3,923000,1.0,0,,,,0
NS-01135,43,Female,Two-Wheeler,Diesel,Tier 2,20,1,103000,1.0,0,,,,0
NS-01914,29,Female,Hatchback,Diesel,Tier 3,0,15,513000,1.0,0,,,,0
NS-00042,44,Male,Sedan,Petrol,Tier 1,25,12,1177000,1.0,0,,,,0
NS-01126,49,Female,Two-Wheeler,Petrol,Tier 2,0,8,104000,1.0,0,,,,0
NS-01542,41,Female,Sedan,Petrol,Tier 2,45,14,1016000,1.0,0,,,,0
NS-01246,64,Female,Hatchback,Diesel,Tier 2,0,13,483000,1.0,0,,,,0
NS-01136,61,Female,Two-Wheeler,Diesel,Tier 2,20,11,177000,1.0,0,,,,0
NS-00610,54,Female,Hatchback,Diesel,Tier 1,35,9,469000,1.0,0,,,,0
NS-01821,42,Female,Hatchback,Petrol,Tier 3,50,10,449000,1.0,1,15200.0,Collision,Clear,0
NS-01991,39,Female,SUV,Diesel,Tier 3,0,9,951000,1.0,0,,,,0
NS-01223,35,Female,SUV,Diesel,Tier 2,25,7,982000,1.0,0,,,,0
NS-01430,27,Male,Hatchback,Petrol,Tier 2,25,3,533000,1.0,0,,,,0
NS-00494,38,Female,SUV,Electric,Tier 1,0,9,1424000,1.0,0,,,,0
NS-00237,32,Male,Sedan,Petrol,Tier 1,0,5,829000,1.0,0,,,,0
NS-00552,55,Male,Sedan,Diesel,Tier 1,25,0,754000,1.0,0,,,,0
NS-00521,27,Female,Hatchback,Petrol,Tier 1,0,12,395000,1.0,1,16700.0,Theft,Clear,0
NS-02109,55,Male,Sedan,Petrol,Tier 3,35,4,696000,1.0,0,,,,0
NS-00721,54,Female,Hatchback,Petrol,Tier 1,0,9,551000,1.0,1,39700.0,Collision,Clear,0
NS-01733,44,Male,Hatchback,Petrol,Tier 2,25,2,586000,1.0,0,,,,0
NS-02122,49,Female,SUV,Diesel,Tier 3,35,6,1321000,1.0,0,,,,0
NS-00059,38,Male,Sedan,CNG,Tier 1,25,1,605000,1.0,0,,,,0
NS-00632,37,Female,Hatchback,Petrol,Tier 1,0,2,489000,1.0,0,,,,0
NS-01670,56,Male,Two-Wheeler,Electric,Tier 2,35,12,114000,1.0,0,,,,0
NS-00593,43,Female,Hatchback,CNG,Tier 1,25,10,367000,1.0,0,,,,0
NS-02090,57,Female,Sedan,Petrol,Tier 3,25,8,735000,1.0,0,,,,0
NS-00940,35,Female,Sedan,Petrol,Tier 1,25,6,840000,1.0,0,,,,0
NS-02233,58,Female,SUV,Petrol,Tier 3,25,12,1257000,1.0,0,,,,0
NS-00905,42,Male,Two-Wheeler,Petrol,Tier 1,20,8,74000,1.0,0,,,,0
NS-01770,50,Female,SUV,Diesel,Tier 2,35,3,2062000,1.0,0,,,,0
NS-02305,30,Female,SUV,CNG,Tier 3,20,12,1602000,1.0,0,,,,0
NS-01741,29,Male,SUV,Petrol,Tier 2,25,12,1797000,1.0,0,,,,0
NS-01287,27,Female,Hatchback,Petrol,Tier 2,25,12,580000,1.0,0,,,,0
NS-01737,23,Female,Hatchback,Petrol,Tier 2,35,3,428000,1.0,0,,,,0
NS-00707,32,Female,Two-Wheeler,Petrol,Tier 1,25,2,150000,1.0,0,,,,0
NS-01023,51,Female,Hatchback,Diesel,Tier 2,35,15,466000,1.0,0,,,,0
NS-00746,64,Female,Two-Wheeler,Diesel,Tier 1,0,3,117000,1.0,0,,,,0
NS-01660,55,Male,Two-Wheeler,Petrol,Tier 2,20,9,65000,1.0,0,,,,0
NS-01291,57,Male,Sedan,Petrol,Tier 2,35,10,879000,1.0,0,,,,0
NS-00514,54,Male,SUV,Petrol,Tier 1,50,7,1704000,1.0,0,,,,0
NS-00082,28,Female,Two-Wheeler,Diesel,Tier 1,0,7,104000,1.0,0,,,,0
NS-02129,36,Male,Sedan,Petrol,Tier 3,0,1,1068000,1.0,0,,,,0
NS-00915,26,Male,Sedan,Petrol,Tier 1,20,8,1068000,1.0,0,,,,0
NS-02210,34,Male,Sedan,Petrol,Tier 3,35,1,1023000,1.0,0,,,,0
NS-02180,29,Male,SUV,Petrol,Tier 3,25,1,1954000,1.0,0,,,,0
NS-00151,59,Female,Two-Wheeler,CNG,Tier 1,20,7,158000,1.0,0,,,,0
NS-00775,31,Male,SUV,Petrol,Tier 1,45,2,2146000,1.0,0,,,,0
NS-00330,33,Male,Hatchback,CNG,Tier 1,20,10,444000,1.0,0,,,,0
NS-00007,41,Female,Two-Wheeler,Petrol,Tier 1,20,15,194000,1.0,0,,,,0
NS-00944,35,Male,Hatchback,Diesel,Tier 1,50,11,689000,1.0,0,,,,0
NS-01445,61,Female,SUV,Petrol,Tier 2,35,15,1813000,1.0,0,,,,0
NS-01876,48,Female,Sedan,Petrol,Tier 3,20,10,1020000,1.0,0,,,,0
NS-00910,51,Male,Two-Wheeler,Diesel,Tier 1,0,13,182000,1.0,0,,,,0
NS-00469,48,Male,Sedan,Diesel,Tier 1,45,10,952000,1.0,0,,,,0
NS-00182,50,Female,Sedan,Petrol,Tier 1,0,3,708000,1.0,0,,,,0
NS-00165,62,Male,Two-Wheeler,Petrol,Tier 1,45,7,105000,1.0,0,,,,0
NS-00452,46,Female,Sedan,Petrol,Tier 1,20,6,834000,1.0,0,,,,0
NS-00491,29,Male,Sedan,Petrol,Tier 1,0,6,788000,1.0,0,,,,0
NS-01265,44,Female,Two-Wheeler,Diesel,Tier 2,25,1,172000,1.0,0,,,,0
NS-01144,64,Female,Sedan,CNG,Tier 2,35,0,1133000,1.0,0,,,,0
NS-01534,27,Male,Sedan,Electric,Tier 2,20,5,1100000,1.0,0,,,,0
NS-01112,38,Female,Sedan,Diesel,Tier 2,0,3,1119000,1.0,0,,,,0
NS-02045,23,Male,Hatchback,Petrol,Tier 3,50,2,471000,1.0,0,,,,0
NS-01773,22,Male,Hatchback,Petrol,Tier 2,45,7,607000,1.0,0,,,,0
NS-01745,53,Male,Sedan,Diesel,Tier 2,0,11,1169000,1.0,0,,,,0
NS-01718,25,Male,Sedan,Petrol,Tier 2,25,15,611000,1.0,0,,,,0
NS-01567,42,Male,Sedan,Petrol,Tier 2,20,5,852000,1.0,0,,,,0
NS-02375,50,Female,Two-Wheeler,Diesel,Tier 3,20,9,183000,1.0,0,,,,0
NS-00328,44,Male,Sedan,Diesel,Tier 1,0,1,615000,1.0,0,,,,0
NS-00443,37,Female,Hatchback,Petrol,Tier 1,0,12,545000,1.0,0,,,,0
NS-01443,58,Female,Sedan,Petrol,Tier 2,0,3,702000,1.0,0,,,,0
NS-01252,43,Male,Two-Wheeler,Petrol,Tier 2,20,6,100000,1.0,0,,,,0
NS-00833,56,Female,Sedan,Petrol,Tier 1,35,11,857000,1.0,0,,,,0
NS-01725,24,Male,Sedan,Petrol,Tier 2,35,1,954000,1.0,0,,,,0
NS-01229,36,Male,Two-Wheeler,Petrol,Tier 2,25,8,83000,1.0,0,,,,0
NS-00087,34,Male,Sedan,Petrol,Tier 1,0,4,848000,1.0,1,33900.0,Collision,Rain,0
NS-02345,41,Male,Hatchback,Diesel,Tier 3,25,15,653000,1.0,0,,,,0
NS-00778,51,Female,SUV,Petrol,Tier 1,35,10,1912000,1.0,0,,,,0
NS-02271,60,Male,Hatchback,Petrol,Tier 3,25,8,624000,1.0,0,,,,0
NS-00055,56,Female,SUV,Diesel,Tier 1,25,13,1697000,1.0,0,,,,0
NS-01703,30,Male,SUV,CNG,Tier 2,25,2,1863000,1.0,0,,,,0
NS-02319,44,Female,Hatchback,Diesel,Tier 3,0,2,583000,1.0,0,,,,0
NS-01766,31,Male,Sedan,Diesel,Tier 2,35,1,750000,1.0,0,,,,0
NS-00114,46,Female,Sedan,Petrol,Tier 1,25,9,902000,1.0,0,,,,0
NS-02248,38,Male,Sedan,CNG,Tier 3,20,8,609000,1.0,0,,,,0
NS-00988,53,Male,Hatchback,Petrol,Tier 1,20,9,474000,1.0,0,,,,0
NS-01711,41,Female,Sedan,Petrol,Tier 2,25,10,1063000,1.0,0,,,,0
NS-01423,28,Male,Hatchback,Diesel,Tier 2,0,12,568000,1.0,0,,,,0
NS-01010,38,Female,Sedan,CNG,Tier 2,25,9,848000,1.0,0,,,,0
NS-00590,44,Male,SUV,Petrol,Tier 1,50,3,1085000,1.0,0,,,,0
NS-01989,37,Female,Hatchback,Petrol,Tier 3,0,3,663000,1.0,0,,,,0
NS-00018,54,Male,Hatchback,CNG,Tier 1,20,2,394000,1.0,0,,,,0
NS-01887,34,Male,Sedan,CNG,Tier 3,35,4,663000,1.0,0,,,,0
NS-01858,39,Female,Two-Wheeler,Petrol,Tier 3,25,10,189000,1.0,0,,,,0
NS-00286,52,Male,Sedan,Diesel,Tier 1,20,10,700000,1.0,0,,,,0
NS-00429,21,Male,Hatchback,Petrol,Tier 1,25,6,531000,1.0,0,,,,0
NS-01227,48,Female,Two-Wheeler,Petrol,Tier 2,35,3,153000,1.0,0,,,,0
NS-00670,34,Male,Sedan,Petrol,Tier 1,20,2,1194000,1.0,0,,,,0
NS-00032,43,Male,SUV,Electric,Tier 1,25,4,991000,1.0,0,,,,0
NS-00723,35,Female,SUV,Diesel,Tier 1,20,4,1777000,1.0,0,,,,0
NS-00952,56,Female,Sedan,Petrol,Tier 1,0,14,1110000,1.0,0,,,,0
NS-01599,39,Male,Hatchback,Petrol,Tier 2,0,13,491000,1.0,0,,,,0
NS-00215,38,Female,Hatchback,Diesel,Tier 1,25,15,687000,1.0,0,,,,0
NS-01622,54,Female,SUV,Diesel,Tier 2,25,15,1265000,1.0,0,,,,0
NS-01165,40,Male,Sedan,Petrol,Tier 2,35,6,1082000,1.0,0,,,,0
NS-00327,59,Male,Hatchback,Petrol,Tier 1,25,15,458000,1.0,0,,,,0
NS-00561,56,Male,Two-Wheeler,Diesel,Tier 1,45,5,78000,1.0,0,,,,0
NS-01087,42,Female,Two-Wheeler,Petrol,Tier 2,0,8,66000,1.0,0,,,,0
NS-01661,65,Male,Sedan,Petrol,Tier 2,20,11,1052000,1.0,0,,,,0
NS-00342,53,Female,Two-Wheeler,Petrol,Tier 1,25,8,82000,1.0,0,,,,0
NS-00148,64,Female,SUV,CNG,Tier 1,0,4,1609000,1.0,0,,,,0
NS-01671,61,Female,Hatchback,Diesel,Tier 2,25,12,390000,1.0,0,,,,0
NS-01108,43,Female,Hatchback,Electric,Tier 2,0,14,532000,1.0,0,,,,0
NS-01945,65,Female,Hatchback,Petrol,Tier 3,0,6,542000,1.0,1,14900.0,Theft,Clear,0
NS-00967,25,Male,Hatchback,Petrol,Tier 1,35,6,530000,1.0,0,,,,0
NS-01073,23,Female,Hatchback,CNG,Tier 2,0,3,477000,1.0,0,,,,0
NS-00156,22,Male,Two-Wheeler,Petrol,Tier 1,0,13,123000,1.0,0,,,,0
NS-01502,61,Male,Two-Wheeler,Diesel,Tier 2,0,6,82000,1.0,0,,,,0
NS-01452,65,Male,Sedan,Petrol,Tier 2,0,13,626000,1.0,1,25800.0,Third-Party Liability,Clear,0
NS-01003,31,Male,SUV,Petrol,Tier 2,20,6,969000,1.0,0,,,,0
NS-01675,56,Male,Hatchback,Petrol,Tier 2,35,14,638000,1.0,0,,,,0
NS-02214,62,Female,SUV,Petrol,Tier 3,25,13,970000,1.0,0,,,,0
NS-01678,61,Male,SUV,Petrol,Tier 2,45,7,2034000,1.0,0,,,,0
NS-02123,26,Male,SUV,Petrol,Tier 3,25,7,1431000,1.0,0,,,,0
NS-02259,29,Male,Hatchback,Petrol,Tier 3,0,2,544000,1.0,1,26800.0,Fire,Clear,0
NS-01996,59,Female,Sedan,Petrol,Tier 3,0,9,946000,1.0,0,,,,0
NS-01794,37,Male,SUV,Petrol,Tier 2,0,5,1976000,1.0,0,,,,0
NS-02252,59,Female,SUV,Diesel,Tier 3,20,8,1610000,1.0,0,,,,0
NS-02283,47,Male,Sedan,Petrol,Tier 3,0,14,1146000,1.0,0,,,,0
NS-01338,63,Male,Hatchback,Petrol,Tier 2,0,2,699000,1.0,0,,,,0
NS-01621,44,Female,Two-Wheeler,Diesel,Tier 2,25,12,139000,1.0,0,,,,0
NS-01802,25,Male,SUV,Petrol,Tier 3,0,5,1354000,1.0,0,,,,0
NS-02154,60,Female,Sedan,Petrol,Tier 3,45,9,1136000,1.0,0,,,,0
NS-00939,65,Female,Two-Wheeler,Diesel,Tier 1,45,13,109000,1.0,0,,,,0
NS-02156,58,Female,Sedan,Petrol,Tier 3,20,10,808000,1.0,0,,,,0
NS-00347,45,Male,Sedan,Petrol,Tier 1,20,14,1171000,1.0,0,,,,0
NS-01938,49,Female,SUV,Petrol,Tier 3,25,2,903000,1.0,0,,,,0
NS-02377,59,Male,Two-Wheeler,CNG,Tier 3,0,6,181000,1.0,0,,,,0
NS-01739,25,Male,SUV,Petrol,Tier 2,35,7,2087000,1.0,0,,,,0
NS-00386,25,Male,Sedan,Petrol,Tier 1,20,12,1071000,1.0,0,,,,0
NS-01431,58,Female,Hatchback,Diesel,Tier 2,45,13,685000,1.0,0,,,,0
NS-01478,25,Female,Two-Wheeler,Diesel,Tier 2,45,0,189000,1.0,0,,,,0
NS-00244,37,Male,Two-Wheeler,CNG,Tier 1,35,9,166000,1.0,0,,,,0
NS-01352,40,Male,Two-Wheeler,Petrol,Tier 2,0,0,101000,1.0,0,,,,0
NS-00937,61,Male,Hatchback,Petrol,Tier 1,20,9,695000,1.0,0,,,,0
NS-02060,46,Male,Sedan,Diesel,Tier 3,0,11,787000,1.0,0,,,,0
NS-00313,57,Female,Sedan,Petrol,Tier 1,0,14,684000,1.0,0,,,,0
NS-02344,30,Female,SUV,Petrol,Tier 3,50,2,1594000,1.0,0,,,,0
NS-01381,58,Female,Hatchback,Petrol,Tier 2,25,3,619000,1.0,0,,,,0
NS-00969,43,Female,Sedan,Petrol,Tier 1,0,11,1138000,1.0,1,78300.0,Fire,Clear,0
NS-00661,57,Male,Sedan,Petrol,Tier 1,0,4,855000,1.0,1,23000.0,Collision,Clear,0
NS-00936,52,Male,SUV,Petrol,Tier 1,0,11,1728000,1.0,0,,,,0
NS-00371,48,Male,Two-Wheeler,Petrol,Tier 1,35,3,142000,1.0,0,,,,0
NS-00567,52,Female,Two-Wheeler,Diesel,Tier 1,25,2,139000,1.0,0,,,,0
NS-01781,31,Male,SUV,Diesel,Tier 2,35,4,2029000,1.0,0,,,,0
NS-00825,30,Female,Hatchback,Petrol,Tier 1,20,0,542000,1.0,0,,,,0
NS-00983,32,Female,Sedan,Petrol,Tier 1,45,0,1064000,1.0,0,,,,0
NS-01801,33,Male,Hatchback,Petrol,Tier 3,50,12,541000,1.0,0,,,,0
NS-01331,39,Male,Sedan,Petrol,Tier 2,20,4,961000,1.0,0,,,,0
NS-00814,64,Female,Two-Wheeler,Petrol,Tier 1,20,10,64000,1.0,0,,,,0
NS-00779,61,Female,Hatchback,Petrol,Tier 1,20,11,542000,1.0,0,,,,0
NS-01053,58,Female,Hatchback,Petrol,Tier 2,0,7,610000,1.0,0,,,,0
NS-01645,53,Female,Hatchback,Petrol,Tier 2,20,4,605000,1.0,0,,,,0
NS-01014,39,Female,Hatchback,Petrol,Tier 2,20,5,593000,1.0,0,,,,0
NS-01546,44,Female,Sedan,Petrol,Tier 2,25,0,626000,1.0,0,,,,0
NS-01910,44,Female,Sedan,CNG,Tier 3,25,13,974000,1.0,0,,,,0
NS-01874,53,Male,Hatchback,Diesel,Tier 3,25,12,676000,1.0,0,,,,0
NS-00127,45,Female,Two-Wheeler,CNG,Tier 1,20,11,160000,1.0,0,,,,0
NS-00888,56,Male,Two-Wheeler,Petrol,Tier 1,20,14,94000,1.0,0,,,,0
NS-01847,30,Male,Hatchback,Petrol,Tier 3,20,4,546000,1.0,0,,,,0
NS-01008,60,Female,Two-Wheeler,Petrol,Tier 2,35,12,174000,1.0,1,27200.0,Natural Disaster,Clear,0
NS-00356,22,Male,Hatchback,Electric,Tier 1,35,12,446000,1.0,0,,,,0
NS-01004,62,Female,Hatchback,CNG,Tier 2,35,5,514000,1.0,1,50700.0,Collision,Clear,0
NS-00683,47,Female,Sedan,Electric,Tier 1,0,11,651000,1.0,0,,,,0
NS-00828,25,Male,Sedan,Petrol,Tier 1,25,14,984000,1.0,0,,,,0
NS-01350,30,Female,Two-Wheeler,Diesel,Tier 2,0,10,155000,1.0,0,,,,0
NS-00985,36,Male,Hatchback,Petrol,Tier 1,45,10,670000,1.0,1,43400.0,Collision,Clear,0
NS-01234,26,Female,Two-Wheeler,Diesel,Tier 2,50,6,148000,1.0,0,,,,0
NS-02018,46,Male,Two-Wheeler,Petrol,Tier 3,0,1,92000,1.0,0,,,,0
NS-00141,41,Female,Two-Wheeler,Diesel,Tier 1,50,7,165000,1.0,0,,,,0
NS-02013,31,Male,Two-Wheeler,Petrol,Tier 3,35,9,170000,1.0,0,,,,0
NS-01959,29,Female,Hatchback,Petrol,Tier 3,0,1,566000,1.0,0,,,,0
NS-01862,44,Male,Hatchback,Diesel,Tier 3,0,8,600000,1.0,0,,,,0
NS-02132,31,Male,Hatchback,Petrol,Tier 3,25,15,495000,1.0,0,,,,0
NS-01895,35,Male,Sedan,CNG,Tier 3,45,15,739000,1.0,0,,,,0
NS-02362,25,Female,SUV,Diesel,Tier 3,0,1,1083000,1.0,0,,,,0
NS-02003,39,Male,Sedan,CNG,Tier 3,20,2,1150000,1.0,0,,,,0
NS-00712,61,Male,Two-Wheeler,Petrol,Tier 1,45,5,132000,1.0,0,,,,0
NS-01158,28,Male,Hatchback,CNG,Tier 2,0,12,483000,1.0,0,,,,0
NS-01746,31,Male,SUV,Diesel,Tier 2,35,15,1369000,1.0,0,,,,0
NS-00872,53,Male,Sedan,CNG,Tier 1,35,3,979000,1.0,0,,,,0
NS-01323,30,Female,Two-Wheeler,Diesel,Tier 2,25,8,167000,1.0,0,,,,0
NS-00011,39,Female,Hatchback,Electric,Tier 1,35,14,505000,1.0,0,,,,0
NS-01669,51,Male,Two-Wheeler,Petrol,Tier 2,20,0,66000,1.0,0,,,,0
NS-01577,28,Male,Hatchback,Petrol,Tier 2,0,7,487000,1.0,0,,,,0
NS-00755,52,Female,Two-Wheeler,Petrol,Tier 1,35,12,72000,1.0,0,,,,0
NS-00627,61,Female,Sedan,Diesel,Tier 1,45,12,1195000,1.0,0,,,,0
NS-01564,56,Female,Two-Wheeler,Petrol,Tier 2,0,6,95000,1.0,0,,,,0
NS-00130,37,Female,Sedan,Electric,Tier 1,0,15,1175000,1.0,0,,,,0
NS-00844,57,Female,Sedan,Petrol,Tier 1,20,3,727000,1.0,0,,,,0
NS-00324,64,Male,Two-Wheeler,Diesel,Tier 1,20,4,112000,1.0,0,,,,0
NS-01872,63,Female,SUV,Diesel,Tier 3,0,11,1633000,1.0,0,,,,0
NS-01310,33,Female,Hatchback,CNG,Tier 2,25,7,657000,1.0,0,,,,0
NS-01285,48,Female,Sedan,Diesel,Tier 2,25,15,1089000,1.0,0,,,,0
NS-02327,52,Male,Hatchback,Petrol,Tier 3,0,6,631000,1.0,0,,,,0
NS-00015,53,Male,Two-Wheeler,Petrol,Tier 1,0,9,128000,1.0,0,,,,0
NS-02309,27,Female,Sedan,Petrol,Tier 3,0,9,1025000,1.0,0,,,,0
NS-00216,41,Male,Two-Wheeler,Diesel,Tier 1,20,14,180000,1.0,0,,,,0
NS-01468,43,Male,Sedan,Petrol,Tier 2,35,14,620000,1.0,0,,,,0
NS-01762,54,Female,Hatchback,Petrol,Tier 2,0,6,673000,1.0,0,,,,0
NS-01183,36,Male,Sedan,Diesel,Tier 2,0,5,1165000,1.0,0,,,,0
NS-01491,52,Male,Hatchback,Petrol,Tier 2,20,15,487000,1.0,0,,,,0
NS-01415,27,Female,Sedan,CNG,Tier 2,0,11,830000,1.0,0,,,,0
NS-00865,61,Male,Hatchback,Diesel,Tier 1,25,14,559000,1.0,0,,,,0
NS-00517,44,Male,Two-Wheeler,Diesel,Tier 1,35,4,182000,1.0,0,,,,0
NS-00598,54,Male,Sedan,Electric,Tier 1,0,14,690000,1.0,0,,,,0
NS-00196,27,Female,Sedan,Petrol,Tier 1,35,10,743000,1.0,0,,,,0
NS-02006,26,Female,Sedan,Electric,Tier 3,0,5,849000,1.0,0,,,,0
NS-00289,41,Female,SUV,Petrol,Tier 1,0,1,1745000,1.0,0,,,,0
NS-00951,45,Male,SUV,Petrol,Tier 1,20,5,1002000,1.0,0,,,,0
NS-01656,31,Male,Two-Wheeler,Petrol,Tier 2,0,4,117000,1.0,0,,,,0
NS-01923,61,Male,Two-Wheeler,CNG,Tier 3,25,1,160000,1.0,0,,,,0
NS-01121,40,Male,Hatchback,CNG,Tier 2,20,10,421000,1.0,0,,,,0
NS-00550,65,Male,Sedan,Petrol,Tier 1,0,4,1163000,1.0,0,,,,0
NS-00157,48,Male,Two-Wheeler,Petrol,Tier 1,35,12,76000,1.0,1,28300.0,Third-Party Liability,Clear,0
NS-00420,61,Female,Two-Wheeler,Petrol,Tier 1,25,12,86000,1.0,0,,,,0
NS-00923,34,Female,SUV,Diesel,Tier 1,20,6,1224000,1.0,0,,,,0
NS-01652,35,Female,SUV,Petrol,Tier 2,25,12,1089000,1.0,0,,,,0
NS-00478,21,Male,SUV,Petrol,Tier 1,0,5,1161000,1.0,1,30300.0,Theft,Clear,1
NS-01453,29,Male,Sedan,CNG,Tier 2,0,11,1049000,1.0,0,,,,0
NS-01489,54,Female,Two-Wheeler,Petrol,Tier 2,0,15,192000,1.0,0,,,,0
NS-00554,59,Male,Two-Wheeler,Diesel,Tier 1,50,14,71000,1.0,0,,,,0
NS-01203,55,Male,Sedan,Petrol,Tier 2,35,11,1107000,1.0,0,,,,0
NS-00391,34,Male,Sedan,Petrol,Tier 1,45,7,1041000,1.0,0,,,,0
NS-00579,24,Male,Two-Wheeler,Petrol,Tier 1,0,3,123000,1.0,0,,,,0
NS-02222,65,Male,Two-Wheeler,Diesel,Tier 3,25,12,79000,1.0,0,,,,0
NS-01484,64,Female,Two-Wheeler,CNG,Tier 2,25,9,190000,1.0,0,,,,0
NS-02177,61,Male,Sedan,Petrol,Tier 3,45,6,804000,1.0,0,,,,0
NS-00821,60,Male,Hatchback,Diesel,Tier 1,45,14,516000,1.0,0,,,,0
NS-02298,53,Female,Two-Wheeler,Diesel,Tier 3,0,10,121000,1.0,0,,,,0
NS-01007,65,Male,SUV,Petrol,Tier 2,50,13,1504000,1.0,0,,,,0
NS-01249,26,Female,Hatchback,Petrol,Tier 2,0,7,408000,1.0,0,,,,0
NS-01477,31,Female,Hatchback,CNG,Tier 2,25,2,423000,1.0,0,,,,0
NS-00665,44,Male,Sedan,CNG,Tier 1,50,3,1155000,1.0,1,59000.0,Theft,Clear,0
NS-02128,64,Female,Sedan,Diesel,Tier 3,0,11,625000,1.0,0,,,,0
NS-00143,53,Female,Sedan,Diesel,Tier 1,25,6,798000,1.0,0,,,,0
NS-02088,51,Male,Hatchback,Diesel,Tier 3,0,13,621000,1.0,1,11500.0,Collision,Rain,0
NS-01657,47,Male,Sedan,CNG,Tier 2,25,15,894000,1.0,0,,,,0
NS-00422,29,Male,Hatchback,Diesel,Tier 1,20,8,569000,1.0,1,97400.0,Third-Party Liability,Fog,0
NS-00800,50,Male,Hatchback,Petrol,Tier 1,20,14,652000,1.0,0,,,,0
NS-00616,62,Male,Sedan,Petrol,Tier 1,0,6,827000,1.0,0,,,,0
NS-01319,45,Female,Hatchback,Petrol,Tier 2,35,6,394000,1.0,0,,,,0
NS-00296,44,Female,Hatchback,Petrol,Tier 1,20,11,467000,1.0,0,,,,0
NS-00402,34,Female,SUV,Petrol,Tier 1,0,9,1156000,1.0,0,,,,0
NS-00089,59,Female,Sedan,Petrol,Tier 1,20,4,800000,1.0,0,,,,0
NS-01853,40,Male,Two-Wheeler,Diesel,Tier 3,20,11,102000,1.0,0,,,,0
NS-02363,43,Female,Sedan,Petrol,Tier 3,35,12,939000,1.0,0,,,,0
NS-00132,44,Female,SUV,Petrol,Tier 1,20,5,1758000,1.0,0,,,,0
NS-01424,30,Male,Hatchback,Petrol,Tier 2,0,0,567000,1.0,1,42200.0,Collision,Clear,0
NS-01506,39,Male,Sedan,Diesel,Tier 2,45,6,853000,1.0,0,,,,0
NS-01873,61,Female,SUV,Diesel,Tier 3,0,0,1445000,1.0,0,,,,0
NS-02081,58,Male,Hatchback,Diesel,Tier 3,0,5,553000,1.0,0,,,,0
NS-01878,65,Female,Hatchback,Diesel,Tier 3,25,3,517000,1.0,0,,,,0
NS-00725,36,Female,SUV,Petrol,Tier 1,25,5,2151000,1.0,0,,,,0
NS-01315,28,Female,Two-Wheeler,Petrol,Tier 2,0,15,169000,1.0,0,,,,0
NS-01602,49,Male,Sedan,Diesel,Tier 2,50,12,614000,1.0,0,,,,0
NS-00270,41,Female,Sedan,Petrol,Tier 1,35,10,604000,1.0,0,,,,0
NS-01614,24,Male,Two-Wheeler,Petrol,Tier 2,0,4,167000,1.0,0,,,,0
NS-02116,38,Female,Sedan,Petrol,Tier 3,35,10,721000,1.0,0,,,,0
NS-01373,28,Female,SUV,Petrol,Tier 2,50,4,2115000,1.0,0,,,,0
NS-00918,46,Male,Two-Wheeler,Diesel,Tier 1,25,3,164000,1.0,0,,,,0
NS-01457,63,Male,Sedan,Diesel,Tier 2,0,15,813000,1.0,1,44500.0,Collision,Rain,0
NS-01320,21,Male,Hatchback,Petrol,Tier 2,0,3,425000,1.0,1,23800.0,Fire,Fog,0
NS-02052,46,Male,Sedan,Petrol,Tier 3,45,12,709000,1.0,0,,,,0
NS-01840,23,Male,Sedan,Petrol,Tier 3,0,9,1054000,1.0,0,,,,0
NS-01926,48,Male,Sedan,Diesel,Tier 3,0,11,1119000,1.0,0,,,,0
NS-00376,21,Male,Sedan,Petrol,Tier 1,35,6,773000,1.0,1,20800.0,Third-Party Liability,Rain,0
NS-00334,21,Male,Sedan,Petrol,Tier 1,35,3,1108000,1.0,0,,,,0
NS-01624,63,Male,Hatchback,Petrol,Tier 2,20,13,642000,1.0,0,,,,0
NS-02255,42,Female,SUV,Petrol,Tier 3,20,7,911000,1.0,0,,,,0
NS-01119,35,Male,Sedan,Petrol,Tier 2,20,5,1165000,1.0,0,,,,0
NS-00911,58,Male,Two-Wheeler,Petrol,Tier 1,0,9,140000,1.0,0,,,,0
NS-00777,32,Female,Sedan,Petrol,Tier 1,35,14,748000,1.0,1,20500.0,Collision,Clear,0
NS-01578,33,Male,Hatchback,Diesel,Tier 2,0,13,582000,1.0,0,,,,0
NS-00329,57,Female,Sedan,CNG,Tier 1,20,13,750000,1.0,0,,,,0
NS-01343,44,Male,Hatchback,Diesel,Tier 2,35,12,654000,1.0,0,,,,0
NS-00321,23,Female,Sedan,Petrol,Tier 1,45,15,1162000,1.0,0,,,,0
NS-01829,40,Male,Two-Wheeler,Petrol,Tier 3,20,7,72000,1.0,0,,,,0
NS-00013,21,Female,SUV,Petrol,Tier 1,25,1,1518000,1.0,0,,,,0
NS-00898,63,Female,Two-Wheeler,Petrol,Tier 1,45,3,78000,1.0,0,,,,0
NS-00172,29,Male,Two-Wheeler,Petrol,Tier 1,25,6,188000,1.0,0,,,,0
NS-00261,49,Male,Two-Wheeler,CNG,Tier 1,35,4,144000,1.0,0,,,,0
NS-01692,47,Female,Two-Wheeler,Petrol,Tier 2,25,0,103000,1.0,0,,,,0
NS-01973,41,Male,Two-Wheeler,Petrol,Tier 3,35,10,192000,1.0,0,,,,0
NS-00902,61,Male,Hatchback,Petrol,Tier 1,0,9,501000,1.0,0,,,,0
NS-00259,24,Female,Two-Wheeler,Petrol,Tier 1,35,6,195000,1.0,0,,,,0
NS-00845,62,Female,Sedan,Electric,Tier 1,0,8,793000,1.0,0,,,,0
NS-00139,48,Female,SUV,Diesel,Tier 1,20,7,1583000,1.0,0,,,,0
NS-00320,29,Female,Hatchback,Diesel,Tier 1,50,15,431000,1.0,0,,,,0
NS-00654,59,Female,Sedan,Diesel,Tier 1,35,13,964000,1.0,0,,,,0
NS-01721,49,Male,SUV,Diesel,Tier 2,0,15,1564000,1.0,0,,,,0
NS-01646,57,Female,SUV,Petrol,Tier 2,20,5,1395000,1.0,0,,,,0
NS-00559,37,Male,Sedan,Petrol,Tier 1,25,7,908000,1.0,0,,,,0
NS-00140,47,Male,Hatchback,Diesel,Tier 1,45,5,695000,1.0,0,,,,0
NS-00113,49,Male,SUV,CNG,Tier 1,20,6,1352000,1.0,0,,,,0
NS-00532,61,Male,Two-Wheeler,Electric,Tier 1,20,14,97000,1.0,0,,,,0
NS-00225,53,Female,Hatchback,Diesel,Tier 1,0,5,617000,1.0,0,,,,0
NS-00724,43,Female,SUV,Diesel,Tier 1,45,1,1309000,1.0,1,112600.0,Natural Disaster,Rain,0
NS-02228,35,Female,Hatchback,Petrol,Tier 3,20,7,635000,1.0,0,,,,0
NS-02196,47,Female,SUV,Petrol,Tier 3,25,11,1394000,1.0,0,,,,0
NS-00326,25,Female,SUV,CNG,Tier 1,0,13,1737000,1.0,0,,,,0
NS-01324,50,Male,SUV,Petrol,Tier 2,25,9,1986000,1.0,0,,,,0
NS-01763,39,Male,Two-Wheeler,Diesel,Tier 2,35,8,180000,1.0,0,,,,0
NS-01816,23,Female,Sedan,Petrol,Tier 3,0,11,677000,1.0,0,,,,0
NS-02160,58,Male,Two-Wheeler,Petrol,Tier 3,25,13,163000,1.0,0,,,,0
NS-00715,35,Female,Sedan,Petrol,Tier 1,45,10,710000,1.0,0,,,,0
NS-00847,45,Female,SUV,Diesel,Tier 1,0,4,957000,1.0,0,,,,0
NS-00194,50,Female,Sedan,Diesel,Tier 1,0,14,1108000,1.0,0,,,,0
NS-00574,42,Female,Hatchback,Petrol,Tier 1,0,11,462000,1.0,0,,,,0
NS-00947,33,Female,SUV,Diesel,Tier 1,25,13,1737000,1.0,0,,,,0
NS-00504,26,Male,Hatchback,Petrol,Tier 1,20,13,538000,1.0,0,,,,0
NS-01640,26,Male,SUV,Diesel,Tier 2,35,9,1964000,1.0,0,,,,0
NS-01629,34,Male,Sedan,Diesel,Tier 2,35,8,1195000,1.0,0,,,,0
NS-00646,53,Male,SUV,Petrol,Tier 1,20,0,1017000,1.0,0,,,,0
NS-00004,32,Male,Sedan,Petrol,Tier 1,25,13,636000,1.0,0,,,,0
NS-01611,64,Female,Sedan,Petrol,Tier 2,35,11,827000,1.0,0,,,,0
NS-00468,43,Female,Two-Wheeler,Diesel,Tier 1,45,3,133000,1.0,0,,,,0
NS-01346,23,Male,Hatchback,Petrol,Tier 2,20,11,466000,1.0,0,,,,0
NS-00006,31,Male,Sedan,Petrol,Tier 1,35,5,1075000,1.0,0,,,,0
NS-01849,39,Female,Two-Wheeler,CNG,Tier 3,20,12,84000,1.0,0,,,,0
NS-01917,43,Male,Two-Wheeler,Petrol,Tier 3,0,13,193000,1.0,0,,,,0
NS-00548,36,Male,SUV,Electric,Tier 1,25,10,1066000,1.0,0,,,,0
NS-00229,53,Male,Sedan,CNG,Tier 1,20,15,1080000,1.0,0,,,,0
NS-01064,44,Female,Hatchback,Petrol,Tier 2,35,1,569000,1.0,0,,,,0
NS-00543,36,Male,SUV,CNG,Tier 1,0,11,1114000,1.0,0,,,,0
NS-00243,49,Female,Sedan,Diesel,Tier 1,45,14,882000,1.0,0,,,,0
NS-00899,39,Male,Hatchback,Petrol,Tier 1,20,3,402000,1.0,1,48000.0,Collision,Fog,0
NS-01655,64,Female,Sedan,Petrol,Tier 2,25,3,882000,1.0,0,,,,0
NS-01161,50,Male,Two-Wheeler,Diesel,Tier 2,25,14,144000,1.0,0,,,,0
NS-01663,32,Female,Sedan,Petrol,Tier 2,25,10,892000,1.0,0,,,,0
NS-01974,37,Male,Hatchback,Petrol,Tier 3,20,1,689000,1.0,0,,,,0
NS-00843,62,Male,Sedan,Diesel,Tier 1,45,0,1152000,1.0,0,,,,0
NS-01374,32,Female,Sedan,Petrol,Tier 2,25,4,1178000,1.0,0,,,,0
NS-01986,44,Female,SUV,Petrol,Tier 3,0,15,1636000,1.0,0,,,,0
NS-01619,59,Female,Hatchback,CNG,Tier 2,25,7,486000,1.0,0,,,,0
NS-00277,45,Male,Two-Wheeler,Petrol,Tier 1,35,6,133000,1.0,0,,,,0
NS-00662,39,Female,SUV,CNG,Tier 1,50,12,1760000,1.0,0,,,,0
NS-02124,28,Female,Hatchback,Petrol,Tier 3,0,12,438000,1.0,0,,,,0
NS-02264,52,Female,Two-Wheeler,Diesel,Tier 3,20,10,182000,1.0,0,,,,0
NS-02114,22,Female,Sedan,Petrol,Tier 3,25,12,715000,1.0,0,,,,0
NS-00315,25,Male,Sedan,Petrol,Tier 1,0,7,889000,1.0,0,,,,0
NS-01344,23,Female,SUV,Petrol,Tier 2,0,14,1357000,1.0,1,21400.0,Collision,Clear,0
NS-01676,38,Female,Hatchback,Petrol,Tier 2,45,4,500000,1.0,0,,,,0
NS-00692,56,Female,Hatchback,CNG,Tier 1,25,13,432000,1.0,0,,,,0
NS-00613,26,Female,Hatchback,Electric,Tier 1,35,10,435000,1.0,0,,,,0
NS-00425,62,Female,Two-Wheeler,Petrol,Tier 1,0,3,199000,1.0,1,57000.0,Collision,Rain,0
NS-00595,45,Male,SUV,Petrol,Tier 1,25,1,1515000,1.0,1,19900.0,Collision,Rain,0
NS-02378,45,Male,Sedan,Petrol,Tier 3,35,10,674000,1.0,0,,,,0
NS-02019,44,Female,Two-Wheeler,CNG,Tier 3,45,15,110000,1.0,0,,,,0
NS-00623,24,Female,Sedan,Diesel,Tier 1,25,9,1132000,1.0,0,,,,0
NS-01638,48,Male,Sedan,Diesel,Tier 2,0,5,815000,1.0,0,,,,0
NS-01469,39,Male,Sedan,CNG,Tier 2,20,10,974000,1.0,0,,,,0
NS-00228,48,Male,Sedan,Petrol,Tier 1,25,1,958000,1.0,0,,,,0
NS-01568,36,Female,Hatchback,Petrol,Tier 2,0,2,601000,1.0,1,71300.0,Collision,Rain,0
NS-01170,59,Female,Two-Wheeler,Petrol,Tier 2,20,2,94000,1.0,0,,,,0
NS-01855,48,Male,Two-Wheeler,Petrol,Tier 3,50,10,106000,1.0,0,,,,0
NS-01539,56,Female,SUV,Diesel,Tier 2,25,4,1823000,1.0,0,,,,0
NS-00067,31,Male,Two-Wheeler,CNG,Tier 1,45,8,67000,1.0,0,,,,0
NS-02241,34,Female,Hatchback,Diesel,Tier 3,0,15,401000,1.0,0,,,,0
NS-00025,51,Female,SUV,Diesel,Tier 1,0,15,2022000,1.0,0,,,,0
NS-01236,46,Male,Two-Wheeler,Petrol,Tier 2,0,12,115000,1.0,0,,,,0
NS-00145,53,Female,Hatchback,Diesel,Tier 1,25,2,456000,1.0,0,,,,0
NS-00537,50,Male,SUV,Petrol,Tier 1,0,2,2094000,1.0,0,,,,0
NS-00812,63,Female,Hatchback,Diesel,Tier 1,35,7,610000,1.0,0,,,,0
NS-01570,53,Male,Hatchback,Diesel,Tier 2,20,13,612000,1.0,0,,,,0
NS-00086,41,Male,Sedan,Petrol,Tier 1,35,1,1186000,1.0,0,,,,0
NS-01255,23,Male,Hatchback,Petrol,Tier 2,0,2,481000,1.0,0,,,,0
NS-01894,52,Male,Two-Wheeler,Diesel,Tier 3,0,4,99000,1.0,0,,,,0
NS-01856,44,Male,Two-Wheeler,CNG,Tier 3,20,2,85000,1.0,0,,,,0
NS-01653,51,Female,Sedan,CNG,Tier 2,0,0,629000,1.0,0,,,,0
NS-01507,35,Female,Sedan,Diesel,Tier 2,0,13,703000,1.0,0,,,,0
NS-00485,33,Male,SUV,Petrol,Tier 1,20,1,1305000,1.0,0,,,,0
NS-02138,65,Female,Two-Wheeler,Petrol,Tier 3,25,12,118000,1.0,0,,,,0
NS-02293,51,Male,Two-Wheeler,Petrol,Tier 3,0,12,111000,1.0,0,,,,0
NS-01915,59,Male,Sedan,Diesel,Tier 3,20,9,782000,1.0,0,,,,0
NS-01605,34,Female,Sedan,Petrol,Tier 2,0,8,791000,1.0,0,,,,0
NS-02364,49,Female,Hatchback,CNG,Tier 3,35,15,443000,1.0,0,,,,0
NS-00363,34,Female,Sedan,Petrol,Tier 1,35,2,789000,1.0,0,,,,0
NS-00750,64,Male,Hatchback,CNG,Tier 1,0,11,560000,1.0,0,,,,0
NS-01616,35,Male,Hatchback,Petrol,Tier 2,25,7,689000,1.0,0,,,,0
NS-01027,43,Male,Hatchback,Diesel,Tier 2,50,5,364000,1.0,1,18900.0,Collision,Clear,0
NS-01031,49,Female,Sedan,CNG,Tier 2,25,2,775000,1.0,0,,,,0
NS-02231,51,Male,Sedan,CNG,Tier 3,0,9,787000,1.0,0,,,,0
NS-01336,43,Male,Hatchback,Petrol,Tier 2,45,8,670000,1.0,0,,,,0
NS-01888,62,Male,Two-Wheeler,Petrol,Tier 3,0,5,167000,1.0,0,,,,0
NS-01509,52,Male,SUV,Petrol,Tier 2,20,1,979000,1.0,1,33300.0,Collision,Rain,0
NS-00666,26,Female,Hatchback,Petrol,Tier 1,25,5,540000,1.0,0,,,,0
NS-00365,43,Female,Sedan,Diesel,Tier 1,0,0,776000,1.0,0,,,,0
NS-02112,24,Female,Sedan,Petrol,Tier 3,35,1,880000,1.0,0,,,,0
NS-01240,33,Male,SUV,Electric,Tier 2,50,9,1896000,1.0,0,,,,0
NS-00078,65,Male,Two-Wheeler,Diesel,Tier 1,25,6,108000,1.0,0,,,,0
NS-00028,32,Male,Two-Wheeler,Petrol,Tier 1,45,9,153000,1.0,0,,,,0
NS-02012,60,Female,Sedan,CNG,Tier 3,0,2,1136000,1.0,0,,,,0
NS-00526,27,Male,Hatchback,Diesel,Tier 1,20,3,407000,1.0,1,83200.0,Collision,Clear,0
NS-00726,47,Female,Sedan,Electric,Tier 1,35,5,842000,1.0,0,,,,0
NS-00056,62,Female,Sedan,Petrol,Tier 1,20,0,798000,1.0,0,,,,0
NS-00639,33,Male,SUV,Petrol,Tier 1,20,0,1459000,1.0,0,,,,0
NS-00303,25,Female,Sedan,Electric,Tier 1,50,4,804000,1.0,0,,,,0
NS-00719,36,Male,Hatchback,Petrol,Tier 1,20,0,452000,1.0,0,,,,0
NS-01972,24,Male,Hatchback,Petrol,Tier 3,45,0,420000,1.0,0,,,,0
NS-00625,47,Male,Hatchback,Petrol,Tier 1,20,13,399000,1.0,0,,,,0
NS-00008,55,Female,SUV,Diesel,Tier 1,25,13,994000,1.0,0,,,,0
NS-01281,43,Male,Sedan,Petrol,Tier 2,25,1,1077000,1.0,0,,,,0
NS-00804,25,Male,SUV,CNG,Tier 1,0,10,2097000,1.0,0,,,,0
NS-01050,46,Female,Two-Wheeler,Petrol,Tier 2,0,9,81000,1.0,0,,,,0
NS-00337,43,Female,SUV,Petrol,Tier 1,35,9,1250000,1.0,1,21500.0,Third-Party Liability,Clear,0
NS-00048,27,Female,SUV,Petrol,Tier 1,35,15,1879000,1.0,0,,,,0
NS-02121,23,Male,Two-Wheeler,Diesel,Tier 3,20,2,181000,1.0,0,,,,0
NS-00107,28,Female,Hatchback,CNG,Tier 1,20,6,514000,1.0,0,,,,0
NS-00350,48,Male,SUV,Petrol,Tier 1,50,2,1236000,1.0,0,,,,0
NS-01080,25,Female,Sedan,Petrol,Tier 2,20,3,870000,1.0,0,,,,0
NS-00239,40,Female,SUV,Diesel,Tier 1,20,12,1259000,1.0,0,,,,0
NS-00214,48,Female,SUV,CNG,Tier 1,50,4,1370000,1.0,0,,,,0
NS-01145,65,Male,Hatchback,Diesel,Tier 2,0,4,441000,1.0,0,,,,0
NS-01748,46,Female,Sedan,Diesel,Tier 2,0,15,1085000,1.0,0,,,,0
NS-02082,51,Male,Two-Wheeler,Petrol,Tier 3,20,0,182000,1.0,0,,,,0
NS-00794,35,Female,Hatchback,CNG,Tier 1,0,12,412000,1.0,0,,,,0
NS-01097,63,Female,Two-Wheeler,Petrol,Tier 2,0,4,194000,1.0,0,,,,0
NS-01648,48,Female,Two-Wheeler,Petrol,Tier 2,25,15,179000,1.0,0,,,,0
NS-01574,28,Female,SUV,Petrol,Tier 2,25,10,1841000,1.0,0,,,,0
NS-02135,60,Male,Two-Wheeler,Diesel,Tier 3,35,13,87000,1.0,0,,,,0
NS-00346,32,Male,Sedan,CNG,Tier 1,25,7,625000,1.0,0,,,,0
NS-00524,58,Female,Hatchback,CNG,Tier 1,0,14,358000,1.0,0,,,,0
NS-00233,36,Male,Sedan,Petrol,Tier 1,35,11,832000,1.0,0,,,,0
NS-00645,34,Male,Two-Wheeler,Petrol,Tier 1,25,12,182000,1.0,0,,,,0
NS-01742,43,Male,Sedan,Petrol,Tier 2,50,7,916000,1.0,0,,,,0
NS-02084,51,Male,Two-Wheeler,Diesel,Tier 3,20,5,173000,1.0,0,,,,0
NS-01429,43,Female,SUV,Petrol,Tier 2,35,10,2002000,1.0,0,,,,0
NS-00534,23,Female,Two-Wheeler,Diesel,Tier 1,25,3,141000,1.0,0,,,,0
NS-02085,55,Male,Hatchback,Petrol,Tier 3,0,0,690000,1.0,0,,,,0
NS-00604,38,Male,SUV,Diesel,Tier 1,25,4,1528000,1.0,0,,,,0
NS-01490,39,Female,Sedan,Petrol,Tier 2,35,12,1004000,1.0,0,,,,0
NS-02388,62,Male,Hatchback,Petrol,Tier 3,0,5,578000,1.0,0,,,,0
NS-01427,37,Male,Hatchback,CNG,Tier 2,25,6,439000,1.0,0,,,,0
NS-01075,33,Male,Hatchback,Petrol,Tier 2,0,1,574000,1.0,0,,,,0
NS-02092,64,Male,Two-Wheeler,Diesel,Tier 3,0,4,155000,1.0,0,,,,0
NS-00061,28,Female,Sedan,Petrol,Tier 1,0,4,915000,1.0,1,15800.0,Third-Party Liability,Rain,0
NS-01764,32,Female,Two-Wheeler,Petrol,Tier 2,20,3,72000,1.0,0,,,,0
NS-00093,43,Male,Sedan,Diesel,Tier 1,45,3,768000,1.0,0,,,,0
NS-00667,26,Male,SUV,Petrol,Tier 1,0,10,1255000,1.0,0,,,,0
NS-01557,63,Female,Sedan,Diesel,Tier 2,20,9,1187000,1.0,0,,,,0
NS-02158,56,Male,Two-Wheeler,Petrol,Tier 3,20,5,116000,1.0,0,,,,0
NS-00281,58,Female,SUV,Petrol,Tier 1,45,7,975000,1.0,0,,,,0
NS-01561,36,Female,Sedan,CNG,Tier 2,0,0,1191000,1.0,0,,,,0
NS-00360,54,Female,Two-Wheeler,Petrol,Tier 1,20,4,67000,1.0,0,,,,0
NS-01583,50,Male,SUV,Petrol,Tier 2,25,1,1326000,1.0,0,,,,0
NS-01544,32,Male,Two-Wheeler,Petrol,Tier 2,0,10,147000,1.0,0,,,,0
NS-01398,36,Female,Hatchback,Petrol,Tier 2,35,14,519000,1.0,0,,,,0
NS-02173,33,Female,SUV,CNG,Tier 3,35,11,1664000,1.0,0,,,,0
NS-00848,63,Male,Sedan,Petrol,Tier 1,20,10,1073000,1.0,0,,,,0
NS-01207,40,Female,SUV,Petrol,Tier 2,50,10,1924000,1.0,0,,,,0
NS-01951,44,Female,Hatchback,Petrol,Tier 3,50,9,600000,1.0,0,,,,0
NS-00111,59,Female,Hatchback,CNG,Tier 1,45,9,526000,1.0,0,,,,0
NS-00043,59,Female,SUV,CNG,Tier 1,50,8,1853000,1.0,1,36300.0,Natural Disaster,Clear,0
NS-00126,29,Male,Hatchback,Petrol,Tier 1,20,13,657000,1.0,0,,,,0
NS-00205,47,Male,Sedan,Diesel,Tier 1,0,10,1176000,1.0,0,,,,0
NS-01474,51,Female,Two-Wheeler,Petrol,Tier 2,50,12,144000,1.0,0,,,,0
NS-00053,29,Male,Two-Wheeler,Petrol,Tier 1,0,2,87000,1.0,0,,,,0
NS-00546,23,Female,Hatchback,Diesel,Tier 1,25,15,431000,1.0,0,,,,0
NS-00069,38,Male,Two-Wheeler,Diesel,Tier 1,35,12,187000,1.0,0,,,,0
NS-01593,53,Female,Sedan,Petrol,Tier 2,25,4,704000,1.0,0,,,,0
NS-01775,54,Male,SUV,Petrol,Tier 2,20,9,1838000,1.0,0,,,,0
NS-02111,37,Male,SUV,Petrol,Tier 3,0,1,1755000,1.0,0,,,,0
NS-02230,37,Female,Hatchback,Petrol,Tier 3,25,1,575000,1.0,0,,,,0
NS-01425,62,Male,Sedan,Diesel,Tier 2,0,11,848000,1.0,0,,,,0
NS-00184,52,Male,Hatchback,CNG,Tier 1,50,9,613000,1.0,0,,,,0
NS-00138,39,Female,Sedan,CNG,Tier 1,20,10,1031000,1.0,0,,,,0
NS-00900,43,Female,Two-Wheeler,Petrol,Tier 1,20,15,167000,1.0,0,,,,0
NS-00797,51,Male,Two-Wheeler,Diesel,Tier 1,0,7,168000,1.0,0,,,,0
NS-00133,37,Male,Two-Wheeler,Diesel,Tier 1,35,2,177000,1.0,0,,,,0
NS-00081,49,Male,Sedan,Diesel,Tier 1,35,4,1116000,1.0,1,54400.0,Third-Party Liability,Rain,0
NS-01587,56,Male,Two-Wheeler,Petrol,Tier 2,0,0,187000,1.0,0,,,,0
NS-02071,39,Female,Hatchback,Diesel,Tier 3,20,2,548000,1.0,0,,,,0
NS-00759,55,Female,Hatchback,Petrol,Tier 1,0,9,531000,1.0,0,,,,0
NS-00542,39,Female,Two-Wheeler,Petrol,Tier 1,45,2,64000,1.0,0,,,,0
NS-01020,56,Female,Two-Wheeler,Petrol,Tier 2,0,15,199000,1.0,0,,,,0
NS-01962,32,Female,SUV,Petrol,Tier 3,35,5,1445000,1.0,0,,,,0
NS-00984,43,Male,Hatchback,Petrol,Tier 1,35,14,670000,1.0,0,,,,0
NS-02143,53,Male,Hatchback,Petrol,Tier 3,20,3,359000,1.0,0,,,,0
NS-00166,31,Male,Sedan,Petrol,Tier 1,0,2,652000,1.0,0,,,,0
NS-00249,31,Male,Sedan,Petrol,Tier 1,0,5,1048000,1.0,0,,,,0
NS-01332,57,Female,Two-Wheeler,Petrol,Tier 2,35,9,75000,1.0,1,42600.0,Theft,Rain,0
NS-00447,48,Male,Sedan,Petrol,Tier 1,20,10,749000,1.0,0,,,,0
NS-01610,21,Male,SUV,Petrol,Tier 2,35,4,1347000,1.0,0,,,,0
NS-00859,22,Female,Two-Wheeler,Diesel,Tier 1,0,12,145000,1.0,0,,,,0
NS-01359,65,Male,Sedan,Diesel,Tier 2,50,1,907000,1.0,0,,,,0
NS-01690,23,Female,Sedan,Petrol,Tier 2,0,8,960000,1.0,0,,,,0
NS-00098,26,Female,SUV,Diesel,Tier 1,20,5,1092000,1.0,0,,,,0
NS-01627,41,Female,Sedan,Diesel,Tier 2,0,11,1010000,1.0,0,,,,0
NS-00806,41,Male,Two-Wheeler,Petrol,Tier 1,35,4,90000,1.0,0,,,,0
NS-00738,64,Female,SUV,Petrol,Tier 1,45,2,1747000,1.0,0,,,,0
NS-01756,47,Male,Sedan,Petrol,Tier 2,0,2,1020000,1.0,0,,,,0
NS-01819,64,Male,SUV,Petrol,Tier 3,50,13,1410000,1.0,0,,,,0
NS-00103,28,Male,Two-Wheeler,Petrol,Tier 1,25,10,178000,1.0,0,,,,0
NS-00435,57,Female,Sedan,Diesel,Tier 1,35,0,1157000,1.0,0,,,,0
NS-00075,29,Female,Sedan,Petrol,Tier 1,25,4,1113000,1.0,1,22600.0,Theft,Clear,0
NS-00578,60,Female,Two-Wheeler,Petrol,Tier 1,45,9,141000,1.0,0,,,,0
NS-01830,61,Female,Sedan,Diesel,Tier 3,20,5,682000,1.0,0,,,,0
NS-01755,64,Female,Two-Wheeler,CNG,Tier 2,0,3,189000,1.0,0,,,,0
NS-01231,49,Male,SUV,Diesel,Tier 2,35,10,1818000,1.0,0,,,,0
NS-00919,55,Male,Sedan,CNG,Tier 1,45,14,950000,1.0,0,,,,0
NS-01327,62,Female,Two-Wheeler,Petrol,Tier 2,25,15,176000,1.0,0,,,,0
NS-02224,33,Male,Hatchback,Petrol,Tier 3,0,2,545000,1.0,0,,,,0
NS-02195,49,Male,Two-Wheeler,CNG,Tier 3,0,1,71000,1.0,0,,,,0
NS-02157,35,Male,Hatchback,Petrol,Tier 3,0,8,422000,1.0,0,,,,0
NS-00763,56,Female,Sedan,Diesel,Tier 1,0,10,768000,1.0,0,,,,0
NS-00990,41,Female,Sedan,Petrol,Tier 1,20,9,631000,1.0,0,,,,0
NS-00389,54,Male,Hatchback,Petrol,Tier 1,20,2,452000,1.0,0,,,,0
NS-00236,58,Male,Two-Wheeler,Diesel,Tier 1,35,8,165000,1.0,0,,,,0
NS-02083,60,Male,Hatchback,CNG,Tier 3,35,10,618000,1.0,0,,,,0
NS-00268,43,Female,Hatchback,Petrol,Tier 1,25,1,650000,1.0,0,,,,0
NS-01330,37,Female,Hatchback,Diesel,Tier 2,25,5,515000,1.0,0,,,,0
NS-01659,28,Male,Hatchback,Diesel,Tier 2,0,4,665000,1.0,0,,,,0
NS-00118,26,Male,Sedan,Petrol,Tier 1,0,2,605000,1.0,0,,,,0
NS-00438,56,Female,Sedan,Diesel,Tier 1,45,7,1117000,1.0,0,,,,0
NS-00674,55,Female,Sedan,Diesel,Tier 1,0,9,861000,1.0,0,,,,0
NS-00250,21,Female,Two-Wheeler,Petrol,Tier 1,45,0,153000,1.0,0,,,,0
NS-02032,40,Male,SUV,Petrol,Tier 3,0,1,905000,1.0,0,,,,0
NS-01575,59,Male,Sedan,Petrol,Tier 2,35,12,1067000,1.0,0,,,,0
NS-02397,62,Female,Two-Wheeler,Petrol,Tier 3,35,0,188000,1.0,0,,,,0
NS-00095,61,Female,Two-Wheeler,Petrol,Tier 1,25,4,71000,1.0,0,,,,0
NS-02284,26,Female,Hatchback,Petrol,Tier 3,45,11,471000,1.0,0,,,,0
NS-00034,45,Female,Hatchback,Electric,Tier 1,20,1,439000,1.0,0,,,,0
NS-02047,51,Male,Hatchback,Diesel,Tier 3,25,4,593000,1.0,0,,,,0
NS-02193,36,Male,SUV,Diesel,Tier 3,0,3,1960000,1.0,0,,,,0
NS-00449,24,Female,Two-Wheeler,Diesel,Tier 1,45,13,84000,1.0,0,,,,0
NS-01470,26,Female,Two-Wheeler,Diesel,Tier 2,45,0,189000,1.0,0,,,,0
NS-00717,27,Female,Hatchback,Diesel,Tier 1,0,11,579000,1.0,1,33600.0,Theft,Storm,0
NS-01765,65,Male,Two-Wheeler,Petrol,Tier 2,35,13,127000,1.0,0,,,,0
NS-02312,43,Male,Sedan,Petrol,Tier 3,0,9,1028000,1.0,0,,,,0
NS-00001,52,Male,Two-Wheeler,Petrol,Tier 1,50,4,177000,1.0,0,,,,0
NS-01918,57,Male,Two-Wheeler,Diesel,Tier 3,0,14,85000,1.0,0,,,,0
NS-01102,30,Female,Hatchback,Petrol,Tier 2,20,1,557000,1.0,0,,,,0
NS-01109,52,Male,Hatchback,Diesel,Tier 2,0,1,647000,1.0,0,,,,0
NS-01709,30,Male,Hatchback,Petrol,Tier 2,25,6,561000,1.0,0,,,,0
NS-00083,63,Male,SUV,Electric,Tier 1,25,1,1081000,1.0,0,,,,0
NS-01482,30,Female,SUV,CNG,Tier 2,35,12,1896000,1.0,0,,,,0
NS-01798,58,Female,Hatchback,CNG,Tier 2,25,14,579000,1.0,1,31700.0,Natural Disaster,Rain,0
NS-00677,38,Female,Sedan,Diesel,Tier 1,0,4,686000,1.0,0,,,,0
NS-01860,24,Female,Sedan,Electric,Tier 3,35,11,817000,1.0,0,,,,0
NS-02029,21,Male,Sedan,Petrol,Tier 3,20,15,950000,1.0,0,,,,0
NS-01047,38,Female,SUV,Petrol,Tier 2,0,6,2135000,1.0,0,,,,0
NS-01461,30,Male,SUV,Diesel,Tier 2,0,15,1974000,1.0,0,,,,0
NS-00771,49,Female,Two-Wheeler,Petrol,Tier 1,20,11,159000,1.0,0,,,,0
NS-02070,65,Female,Hatchback,Electric,Tier 3,35,11,615000,1.0,0,,,,0
NS-02002,52,Male,Two-Wheeler,Petrol,Tier 3,20,12,153000,1.0,0,,,,0
NS-00518,40,Male,Two-Wheeler,Petrol,Tier 1,20,11,115000,1.0,0,,,,0
NS-00823,23,Female,SUV,Petrol,Tier 1,20,4,1123000,1.0,0,,,,0
NS-00405,45,Female,Sedan,Petrol,Tier 1,20,3,923000,1.0,0,,,,0
NS-00385,65,Female,Hatchback,Petrol,Tier 1,35,11,459000,1.0,0,,,,0
NS-02065,26,Female,Two-Wheeler,Petrol,Tier 3,0,13,77000,1.0,0,,,,0
NS-01867,59,Female,Hatchback,Petrol,Tier 3,25,13,430000,1.0,0,,,,0
NS-00105,53,Female,SUV,Diesel,Tier 1,35,10,1094000,1.0,0,,,,0
NS-01634,23,Male,Sedan,Diesel,Tier 2,20,0,758000,1.0,0,,,,0
NS-02291,34,Female,Hatchback,Petrol,Tier 3,45,15,416000,1.0,0,,,,0
NS-00689,39,Female,Sedan,Petrol,Tier 1,20,13,1152000,1.0,0,,,,0
NS-01825,55,Male,Hatchback,Petrol,Tier 3,45,15,521000,1.0,1,43200.0,Natural Disaster,Rain,0
NS-00827,34,Female,Hatchback,Diesel,Tier 1,0,14,637000,1.0,0,,,,0
NS-01241,23,Male,Hatchback,Diesel,Tier 2,25,12,351000,1.0,0,,,,0
NS-00063,57,Male,Two-Wheeler,Petrol,Tier 1,35,12,150000,1.0,0,,,,0
NS-01306,22,Male,Sedan,Petrol,Tier 2,0,11,835000,1.0,0,,,,0
NS-00853,40,Male,SUV,Petrol,Tier 1,0,2,1311000,1.0,0,,,,0
NS-01886,31,Male,Hatchback,CNG,Tier 3,0,8,671000,1.0,0,,,,0
NS-01263,23,Female,Sedan,Petrol,Tier 2,25,13,762000,1.0,0,,,,0
NS-00224,40,Male,Sedan,Diesel,Tier 1,25,15,969000,1.0,1,22300.0,Theft,Rain,0
NS-00146,63,Female,Sedan,Petrol,Tier 1,35,0,1050000,1.0,0,,,,0
NS-01089,29,Male,Sedan,Petrol,Tier 2,25,7,688000,1.0,0,,,,0
NS-00374,42,Male,Sedan,Petrol,Tier 1,0,5,926000,1.0,0,,,,0
NS-01988,52,Male,Sedan,Diesel,Tier 3,0,14,1165000,1.0,1,29200.0,Collision,Rain,0
NS-01143,56,Male,Sedan,Petrol,Tier 2,0,14,854000,1.0,1,43500.0,Collision,Clear,0
NS-02299,24,Male,Sedan,Electric,Tier 3,0,6,1191000,1.0,0,,,,0
NS-02077,42,Male,Two-Wheeler,Petrol,Tier 3,25,11,120000,1.0,0,,,,0
NS-01275,56,Male,Sedan,Petrol,Tier 2,25,6,1159000,1.0,0,,,,0
NS-01266,31,Male,Two-Wheeler,Petrol,Tier 2,35,14,151000,1.0,0,,,,0
NS-02145,24,Female,Hatchback,Diesel,Tier 3,20,10,402000,1.0,0,,,,0
NS-01772,54,Male,Hatchback,Diesel,Tier 2,20,15,533000,1.0,0,,,,0
NS-00010,47,Male,SUV,Petrol,Tier 1,35,2,1580000,1.0,0,,,,0
NS-00450,61,Female,Two-Wheeler,Diesel,Tier 1,20,6,89000,1.0,0,,,,0
NS-00709,32,Female,Hatchback,CNG,Tier 1,35,3,502000,1.0,0,,,,0
NS-00256,36,Female,Two-Wheeler,Petrol,Tier 1,20,8,81000,1.0,0,,,,0
NS-00883,24,Male,Hatchback,CNG,Tier 1,0,3,585000,1.0,0,,,,0
NS-01618,28,Female,SUV,Diesel,Tier 2,20,2,1557000,1.0,0,,,,0
NS-00390,26,Female,Two-Wheeler,Petrol,Tier 1,0,4,118000,1.0,0,,,,0
NS-01834,47,Female,Hatchback,Diesel,Tier 3,0,10,556000,1.0,0,,,,0
NS-02302,60,Female,Two-Wheeler,Diesel,Tier 3,20,10,165000,1.0,0,,,,0
NS-01582,64,Male,Hatchback,Diesel,Tier 2,0,9,438000,1.0,0,,,,0
NS-00909,61,Female,Two-Wheeler,Diesel,Tier 1,35,5,144000,1.0,0,,,,0
NS-00925,41,Female,Hatchback,Petrol,Tier 1,25,0,543000,1.0,0,,,,0
NS-00752,43,Female,Hatchback,Petrol,Tier 1,20,13,674000,1.0,0,,,,0
NS-01715,51,Male,Two-Wheeler,Petrol,Tier 2,35,7,134000,1.0,0,,,,0
NS-00461,35,Female,Hatchback,CNG,Tier 1,0,3,534000,1.0,0,,,,0
NS-01771,61,Male,Two-Wheeler,Petrol,Tier 2,50,14,104000,1.0,0,,,,0
NS-01225,44,Female,SUV,CNG,Tier 2,20,12,1804000,1.0,0,,,,0
NS-01169,43,Male,Hatchback,Diesel,Tier 2,0,6,389000,1.0,0,,,,0
NS-00959,33,Female,Sedan,Petrol,Tier 1,20,14,849000,1.0,0,,,,0
NS-00502,54,Male,Two-Wheeler,Diesel,Tier 1,20,9,159000,1.0,0,,,,0
NS-00740,65,Female,Sedan,CNG,Tier 1,0,11,1158000,1.0,0,,,,0
NS-00041,48,Male,SUV,Diesel,Tier 1,25,9,1220000,1.0,0,,,,0
NS-00869,26,Female,SUV,Petrol,Tier 1,45,9,1979000,1.0,0,,,,0
NS-00732,23,Male,Sedan,Petrol,Tier 1,25,8,846000,1.0,0,,,,0
NS-00540,43,Female,Hatchback,Petrol,Tier 1,35,14,549000,1.0,0,,,,0
NS-01202,23,Female,Sedan,Petrol,Tier 2,25,4,993000,1.0,0,,,,0
NS-01340,43,Female,Sedan,Diesel,Tier 2,0,1,1039000,1.0,0,,,,0
NS-00698,62,Male,Hatchback,Diesel,Tier 1,0,5,467000,1.0,0,,,,0
NS-02120,43,Female,Hatchback,Diesel,Tier 3,20,9,582000,1.0,0,,,,0
NS-01944,35,Female,SUV,Petrol,Tier 3,20,13,1910000,1.0,0,,,,0
NS-01921,48,Female,Hatchback,Petrol,Tier 3,45,14,567000,1.0,0,,,,0
NS-01372,55,Male,Two-Wheeler,Petrol,Tier 2,20,12,111000,1.0,0,,,,0
NS-01146,59,Male,SUV,CNG,Tier 2,0,5,915000,1.0,0,,,,0
NS-01032,44,Female,Hatchback,Electric,Tier 2,0,8,445000,1.0,0,,,,0
NS-00373,59,Male,SUV,CNG,Tier 1,0,15,2120000,1.0,0,,,,0
NS-00668,23,Male,Hatchback,Petrol,Tier 1,0,3,508000,1.0,0,,,,0
NS-01432,61,Male,Two-Wheeler,Petrol,Tier 2,20,2,189000,1.0,0,,,,0
NS-02097,49,Female,Sedan,Petrol,Tier 3,35,3,1148000,1.0,0,,,,0
NS-00358,59,Male,Hatchback,Petrol,Tier 1,20,13,580000,1.0,0,,,,0
NS-00968,26,Female,Hatchback,Petrol,Tier 1,0,10,487000,1.0,0,,,,0
NS-00784,57,Female,Sedan,Diesel,Tier 1,25,0,830000,1.0,0,,,,0
NS-00736,26,Female,Two-Wheeler,Petrol,Tier 1,35,11,108000,1.0,0,,,,0
NS-01354,37,Male,SUV,CNG,Tier 2,0,3,911000,1.0,1,47100.0,Third-Party Liability,Storm,1
NS-01036,34,Female,Hatchback,Electric,Tier 2,0,13,437000,1.0,0,,,,0
NS-00971,26,Female,Two-Wheeler,Petrol,Tier 1,50,2,189000,1.0,0,,,,0
NS-00471,30,Female,Two-Wheeler,Petrol,Tier 1,35,13,81000,1.0,0,,,,0
NS-00656,30,Male,Sedan,Petrol,Tier 1,50,9,885000,1.0,0,,,,0
NS-02260,35,Female,Sedan,Diesel,Tier 3,20,13,901000,1.0,0,,,,0
NS-02266,22,Female,Two-Wheeler,CNG,Tier 3,50,10,190000,1.0,0,,,,0
NS-01397,60,Male,SUV,Diesel,Tier 2,0,14,1393000,1.0,0,,,,0
NS-01537,35,Female,Hatchback,Petrol,Tier 2,0,4,690000,1.0,0,,,,0
NS-01903,28,Female,SUV,Petrol,Tier 3,20,5,1181000,1.0,0,,,,0
NS-02095,44,Female,Hatchback,Diesel,Tier 3,35,12,533000,1.0,0,,,,0
NS-01550,46,Male,Hatchback,Petrol,Tier 2,25,12,590000,1.0,0,,,,0
NS-01329,53,Female,Two-Wheeler,CNG,Tier 2,35,13,81000,1.0,0,,,,0
NS-02292,35,Male,Sedan,Petrol,Tier 3,25,5,849000,1.0,0,,,,0
NS-02304,21,Male,Two-Wheeler,CNG,Tier 3,0,11,190000,1.0,0,,,,0
NS-01426,48,Male,Hatchback,CNG,Tier 2,25,11,660000,1.0,0,,,,0
NS-01465,64,Female,Sedan,Diesel,Tier 2,35,8,721000,1.0,0,,,,0
NS-01556,51,Male,Hatchback,Petrol,Tier 2,20,10,436000,1.0,0,,,,0
NS-01992,28,Female,Sedan,Diesel,Tier 3,25,13,709000,1.0,0,,,,0
NS-01251,31,Male,SUV,Petrol,Tier 2,0,7,2150000,1.0,0,,,,0
NS-01700,36,Male,Hatchback,Electric,Tier 2,0,2,410000,1.0,0,,,,0
NS-01253,40,Male,Two-Wheeler,Petrol,Tier 2,20,15,77000,1.0,0,,,,0
NS-02331,28,Male,SUV,CNG,Tier 3,0,5,1715000,1.0,0,,,,0
NS-02227,62,Female,Two-Wheeler,Petrol,Tier 3,25,2,116000,1.0,0,,,,0
NS-01237,28,Female,Hatchback,Diesel,Tier 2,25,13,559000,1.0,0,,,,0
NS-00886,51,Female,SUV,Petrol,Tier 1,20,9,2094000,1.0,0,,,,0
NS-00080,36,Female,Hatchback,Petrol,Tier 1,0,11,350000,1.0,0,,,,0
NS-01173,60,Female,SUV,Diesel,Tier 2,0,10,1653000,1.0,0,,,,0
NS-00815,30,Male,Hatchback,Electric,Tier 1,20,3,670000,1.0,0,,,,0
NS-01793,22,Female,Two-Wheeler,Petrol,Tier 2,50,13,174000,1.0,0,,,,0
NS-00672,37,Female,Sedan,Petrol,Tier 1,35,10,771000,1.0,0,,,,0
NS-02100,63,Female,Two-Wheeler,Diesel,Tier 3,0,2,149000,1.0,0,,,,0
NS-01957,49,Male,Hatchback,Diesel,Tier 3,0,9,575000,1.0,0,,,,0
NS-00058,59,Female,Two-Wheeler,Petrol,Tier 1,20,9,132000,1.0,0,,,,0
NS-00134,62,Male,Two-Wheeler,Petrol,Tier 1,0,2,67000,1.0,0,,,,0
NS-01141,32,Female,Hatchback,Diesel,Tier 2,45,5,607000,1.0,0,,,,0
NS-00934,37,Male,Sedan,Petrol,Tier 1,0,7,654000,1.0,0,,,,0
NS-00929,34,Male,Hatchback,Petrol,Tier 1,0,7,479000,1.0,0,,,,0
NS-00824,21,Male,Hatchback,Petrol,Tier 1,0,2,501000,1.0,1,20000.0,Collision,Storm,0
NS-01433,63,Female,Two-Wheeler,Diesel,Tier 2,0,13,192000,1.0,0,,,,0
NS-01902,63,Male,Hatchback,Petrol,Tier 3,35,10,638000,1.0,0,,,,0
NS-01532,38,Male,Sedan,Petrol,Tier 2,50,9,937000,1.0,0,,,,0
NS-01215,30,Male,Hatchback,Petrol,Tier 2,20,9,683000,1.0,0,,,,0
NS-00505,25,Female,Two-Wheeler,CNG,Tier 1,0,12,86000,1.0,0,,,,0
NS-02372,55,Female,Sedan,Petrol,Tier 3,0,13,729000,1.0,1,53800.0,Natural Disaster,Clear,0
NS-00348,61,Female,SUV,Petrol,Tier 1,35,3,1194000,1.0,0,,,,0
NS-00387,48,Female,Sedan,Diesel,Tier 1,45,8,1095000,1.0,0,,,,0
NS-01025,28,Male,Hatchback,Petrol,Tier 2,0,1,517000,1.0,0,,,,0
NS-01385,40,Male,Two-Wheeler,Petrol,Tier 2,35,0,72000,1.0,0,,,,0
NS-00895,37,Female,SUV,Petrol,Tier 1,45,7,1595000,1.0,1,42600.0,Theft,Rain,0
NS-00829,51,Male,Sedan,CNG,Tier 1,0,12,869000,1.0,1,129200.0,Collision,Clear,0
NS-02339,49,Female,SUV,Petrol,Tier 3,35,7,1560000,1.0,0,,,,0
NS-00476,36,Female,Sedan,Diesel,Tier 1,35,10,605000,1.0,0,,,,0
NS-01684,50,Female,Sedan,Petrol,Tier 2,50,2,656000,1.0,0,,,,0
NS-02054,29,Female,Hatchback,Petrol,Tier 3,0,1,635000,1.0,0,,,,0
NS-02235,63,Male,Hatchback,Petrol,Tier 3,35,6,426000,1.0,0,,,,0
NS-02024,34,Male,Hatchback,Petrol,Tier 3,35,2,632000,1.0,0,,,,0
NS-01948,31,Male,Sedan,Diesel,Tier 3,35,3,867000,1.0,0,,,,0
NS-00653,46,Female,Two-Wheeler,Petrol,Tier 1,25,12,154000,1.0,0,,,,0
NS-00173,41,Male,Two-Wheeler,Electric,Tier 1,45,6,146000,1.0,0,,,,0
NS-01475,46,Male,Hatchback,Petrol,Tier 2,45,2,495000,1.0,0,,,,0
NS-01150,27,Male,Hatchback,Petrol,Tier 2,35,3,514000,1.0,0,,,,0
NS-00039,48,Male,Sedan,Petrol,Tier 1,25,6,1152000,1.0,0,,,,0
NS-01555,65,Male,Sedan,Petrol,Tier 2,0,8,634000,1.0,0,,,,0
NS-00714,40,Female,Hatchback,Petrol,Tier 1,35,3,413000,1.0,0,,,,0
NS-00091,21,Female,Hatchback,Petrol,Tier 1,0,11,381000,1.0,0,,,,0
NS-00167,54,Female,SUV,Petrol,Tier 1,25,6,1344000,1.0,0,,,,0
NS-01206,38,Male,Sedan,Diesel,Tier 2,20,13,1130000,1.0,0,,,,0
NS-00876,65,Male,SUV,CNG,Tier 1,20,11,1755000,1.0,0,,,,0
NS-01883,29,Male,Hatchback,Diesel,Tier 3,0,9,615000,1.0,0,,,,0
NS-02200,44,Male,SUV,Diesel,Tier 3,0,1,1983000,1.0,0,,,,0
NS-02338,36,Male,Sedan,Petrol,Tier 3,20,0,765000,1.0,0,,,,0
NS-01094,41,Male,Hatchback,Petrol,Tier 2,20,3,501000,1.0,0,,,,0
NS-01156,32,Male,Hatchback,CNG,Tier 2,25,10,646000,1.0,0,,,,0
NS-01325,25,Male,Hatchback,CNG,Tier 2,20,3,386000,1.0,0,,,,0
NS-01898,39,Female,Hatchback,Diesel,Tier 3,25,1,427000,1.0,0,,,,0
NS-01351,59,Male,Two-Wheeler,Petrol,Tier 2,20,9,185000,1.0,0,,,,0
NS-00511,29,Male,Hatchback,Petrol,Tier 1,25,11,610000,1.0,0,,,,0
NS-01681,28,Male,Two-Wheeler,Electric,Tier 2,20,0,128000,1.0,0,,,,0
NS-00500,32,Female,SUV,Petrol,Tier 1,25,2,1435000,1.0,0,,,,0
NS-01890,35,Male,Two-Wheeler,Petrol,Tier 3,0,4,156000,1.0,0,,,,0
NS-01389,22,Male,Sedan,CNG,Tier 2,0,8,808000,1.0,0,,,,0
NS-01520,25,Female,Hatchback,Diesel,Tier 2,50,9,403000,1.0,0,,,,0
NS-01672,56,Female,Hatchback,Petrol,Tier 2,35,1,686000,1.0,0,,,,0
NS-00339,21,Male,Sedan,CNG,Tier 1,20,0,690000,1.0,0,,,,0
NS-02178,46,Female,Two-Wheeler,CNG,Tier 3,25,1,73000,1.0,1,20000.0,Fire,Clear,0
NS-01189,58,Female,Hatchback,Diesel,Tier 2,25,6,608000,1.0,0,,,,0
NS-00029,57,Female,Two-Wheeler,Diesel,Tier 1,35,12,122000,1.0,0,,,,0
NS-01541,60,Male,Two-Wheeler,Petrol,Tier 2,0,15,94000,1.0,0,,,,0
NS-01218,44,Female,Sedan,Petrol,Tier 2,20,4,626000,1.0,0,,,,0
NS-01848,49,Female,Hatchback,Petrol,Tier 3,0,12,363000,1.0,0,,,,0
NS-00795,60,Female,Hatchback,Petrol,Tier 1,25,1,424000,1.0,0,,,,0
NS-00946,49,Male,Hatchback,Diesel,Tier 1,20,8,539000,1.0,0,,,,0
NS-01417,50,Female,Sedan,Diesel,Tier 2,50,6,1172000,1.0,0,,,,0
NS-00170,34,Male,Sedan,Diesel,Tier 1,20,12,846000,1.0,1,33300.0,Collision,Rain,0
NS-02206,61,Male,SUV,Petrol,Tier 3,20,13,1427000,1.0,0,,,,0
NS-01677,59,Male,Two-Wheeler,Petrol,Tier 2,35,3,81000,1.0,0,,,,0
NS-01198,51,Female,Hatchback,Diesel,Tier 2,45,15,461000,1.0,0,,,,0
NS-01543,57,Female,Two-Wheeler,Diesel,Tier 2,50,15,116000,1.0,0,,,,0
NS-01254,47,Male,Sedan,CNG,Tier 2,0,15,843000,1.0,0,,,,0
NS-01950,59,Male,Sedan,Diesel,Tier 3,20,14,1068000,1.0,0,,,,0
NS-00913,57,Female,Hatchback,CNG,Tier 1,25,14,682000,1.0,0,,,,0
NS-00492,39,Male,Sedan,Petrol,Tier 1,0,8,895000,1.0,0,,,,0
NS-00954,32,Female,Sedan,Petrol,Tier 1,35,14,769000,1.0,0,,,,0
NS-01098,30,Male,SUV,Petrol,Tier 2,45,2,1458000,1.0,0,,,,0
NS-01033,55,Female,Hatchback,Diesel,Tier 2,35,14,654000,1.0,0,,,,0
NS-00588,44,Male,Sedan,Petrol,Tier 1,45,8,778000,1.0,0,,,,0
NS-00751,41,Female,Sedan,Petrol,Tier 1,0,12,609000,1.0,0,,,,0
NS-00658,30,Male,Sedan,Petrol,Tier 1,35,13,1116000,1.0,0,,,,0
NS-00235,38,Male,Two-Wheeler,Petrol,Tier 1,0,1,105000,1.0,0,,,,0
NS-00733,50,Female,Hatchback,Petrol,Tier 1,0,14,573000,1.0,0,,,,0
NS-02393,58,Male,Hatchback,Petrol,Tier 3,25,4,374000,1.0,0,,,,0
NS-01187,43,Male,Two-Wheeler,Petrol,Tier 2,20,14,83000,1.0,0,,,,0
NS-01157,33,Male,Hatchback,Diesel,Tier 2,35,15,652000,1.0,0,,,,0
NS-02053,40,Male,Sedan,Diesel,Tier 3,25,3,1127000,1.0,0,,,,0
NS-01995,53,Female,Two-Wheeler,Diesel,Tier 3,0,9,92000,1.0,0,,,,0
NS-02165,26,Male,Two-Wheeler,Petrol,Tier 3,20,1,107000,1.0,0,,,,0
NS-00935,35,Male,Two-Wheeler,CNG,Tier 1,20,3,166000,1.0,0,,,,0
NS-01210,22,Female,SUV,CNG,Tier 2,20,7,1646000,1.0,0,,,,0
NS-01066,57,Female,Sedan,Petrol,Tier 2,0,10,894000,1.0,0,,,,0
NS-01717,30,Female,Hatchback,Electric,Tier 2,0,15,567000,1.0,0,,,,0
NS-00109,49,Female,Hatchback,Petrol,Tier 1,35,14,576000,1.0,0,,,,0
NS-01063,62,Male,Hatchback,Petrol,Tier 2,0,5,367000,1.0,0,,,,0
NS-00569,25,Male,SUV,Petrol,Tier 1,0,1,1108000,1.0,0,,,,0
NS-01168,30,Female,SUV,Petrol,Tier 2,45,1,1041000,1.0,0,,,,0
NS-01175,25,Male,Hatchback,Petrol,Tier 2,25,1,375000,1.0,0,,,,0
NS-01589,56,Male,Two-Wheeler,Petrol,Tier 2,45,8,168000,1.0,0,,,,0
NS-01508,40,Female,Sedan,Electric,Tier 2,25,9,939000,1.0,0,,,,0
NS-01493,61,Male,SUV,Petrol,Tier 2,50,13,1311000,1.0,0,,,,0
NS-00891,65,Male,Hatchback,Petrol,Tier 1,20,9,547000,1.0,0,,,,0
NS-00948,24,Female,Hatchback,Petrol,Tier 1,25,3,613000,1.0,0,,,,0
NS-01049,57,Male,Sedan,Petrol,Tier 2,25,14,1116000,1.0,0,,,,0
NS-01884,44,Female,Two-Wheeler,Petrol,Tier 3,45,4,192000,1.0,0,,,,0
NS-01913,27,Female,Sedan,Petrol,Tier 3,35,8,677000,1.0,0,,,,0
NS-02041,56,Male,Sedan,Diesel,Tier 3,0,3,1009000,1.0,0,,,,0
NS-00885,47,Male,Hatchback,Petrol,Tier 1,20,3,566000,1.0,0,,,,0
NS-00144,41,Male,SUV,Petrol,Tier 1,20,6,1236000,1.0,0,,,,0
NS-02357,54,Male,Hatchback,CNG,Tier 3,0,2,694000,1.0,0,,,,0
NS-02184,62,Female,Hatchback,Petrol,Tier 3,50,4,632000,1.0,0,,,,0
NS-00851,27,Female,Hatchback,Diesel,Tier 1,0,13,508000,1.0,0,,,,0
NS-01588,47,Male,Two-Wheeler,Diesel,Tier 2,50,5,194000,1.0,0,,,,0
NS-01408,56,Male,Sedan,Petrol,Tier 2,0,12,718000,1.0,0,,,,0
NS-00735,60,Female,Sedan,Petrol,Tier 1,20,0,720000,1.0,0,,,,0
NS-00718,65,Male,Sedan,Diesel,Tier 1,20,4,658000,1.0,1,41500.0,Collision,Rain,0
NS-02278,47,Female,Hatchback,Petrol,Tier 3,0,11,480000,1.0,0,,,,0
NS-00455,24,Female,Two-Wheeler,CNG,Tier 1,0,5,153000,1.0,0,,,,0
NS-00265,48,Male,Hatchback,Diesel,Tier 1,35,13,392000,1.0,0,,,,0
NS-00076,24,Male,Sedan,Petrol,Tier 1,20,11,810000,1.0,0,,,,0
NS-01257,44,Male,SUV,Petrol,Tier 2,20,6,1935000,1.0,0,,,,0
NS-00445,36,Male,Sedan,Petrol,Tier 1,25,14,635000,1.0,0,,,,0
NS-00396,63,Male,Two-Wheeler,Petrol,Tier 1,45,6,100000,1.0,0,,,,0
NS-02008,52,Male,SUV,Diesel,Tier 3,35,3,1728000,1.0,0,,,,0
NS-00177,26,Female,Sedan,Petrol,Tier 1,0,13,697000,1.0,0,,,,0
NS-01043,33,Male,SUV,Petrol,Tier 2,35,2,1707000,1.0,0,,,,0
NS-02242,24,Female,Two-Wheeler,Petrol,Tier 3,35,12,137000,1.0,0,,,,0
NS-01955,44,Female,Sedan,Petrol,Tier 3,25,3,614000,1.0,0,,,,0
NS-01366,43,Female,Sedan,Petrol,Tier 2,0,11,1169000,1.0,0,,,,0
NS-01925,21,Male,Sedan,Diesel,Tier 3,0,5,907000,1.0,0,,,,0
NS-00596,43,Male,Hatchback,CNG,Tier 1,45,4,445000,1.0,0,,,,0
NS-00062,33,Female,SUV,CNG,Tier 1,35,10,1710000,1.0,0,,,,0
NS-01297,38,Male,Hatchback,Diesel,Tier 2,35,1,579000,1.0,0,,,,0
NS-01822,50,Female,Two-Wheeler,Petrol,Tier 3,20,5,78000,1.0,0,,,,0
NS-00873,65,Female,Hatchback,CNG,Tier 1,35,4,469000,1.0,0,,,,0
NS-00867,34,Female,SUV,Diesel,Tier 1,25,3,1931000,1.0,0,,,,0
NS-00217,53,Male,Sedan,Petrol,Tier 1,0,6,940000,1.0,0,,,,0
NS-00279,36,Female,Hatchback,Petrol,Tier 1,0,12,504000,1.0,0,,,,0
NS-01549,32,Female,Sedan,Petrol,Tier 2,35,10,697000,1.0,1,22000.0,Collision,Rain,0
NS-01719,45,Female,Hatchback,Petrol,Tier 2,50,11,614000,1.0,0,,,,0
NS-01393,60,Female,SUV,Petrol,Tier 2,0,6,1162000,1.0,0,,,,0
NS-01804,23,Female,Hatchback,Petrol,Tier 3,20,11,556000,1.0,0,,,,0
NS-00037,64,Male,Sedan,Petrol,Tier 1,0,8,1168000,1.0,0,,,,0
NS-02330,27,Female,Two-Wheeler,Electric,Tier 3,20,13,117000,1.0,0,,,,0
NS-01214,36,Male,SUV,Electric,Tier 2,35,2,1681000,1.0,0,,,,0
NS-00663,48,Male,Two-Wheeler,Petrol,Tier 1,35,13,173000,1.0,0,,,,0
NS-02326,60,Female,Hatchback,Petrol,Tier 3,25,8,457000,1.0,0,,,,0
NS-02287,31,Male,Sedan,Petrol,Tier 3,0,11,1183000,1.0,0,,,,0
NS-02021,53,Male,Hatchback,Diesel,Tier 3,0,0,431000,1.0,0,,,,0
NS-00978,49,Female,SUV,Petrol,Tier 1,0,2,1721000,1.0,0,,,,0
NS-01572,38,Female,Sedan,Petrol,Tier 2,25,9,888000,1.0,0,,,,0
NS-01123,34,Female,SUV,Petrol,Tier 2,0,5,2038000,1.0,0,,,,0
NS-01713,34,Male,Sedan,CNG,Tier 2,35,6,1026000,1.0,0,,,,0
NS-00739,31,Male,Hatchback,Petrol,Tier 1,20,1,494000,1.0,0,,,,0
NS-00192,64,Male,Hatchback,Petrol,Tier 1,35,6,652000,1.0,0,,,,0
NS-00920,65,Male,Hatchback,Diesel,Tier 1,0,14,577000,1.0,0,,,,0
NS-00457,31,Female,Two-Wheeler,Petrol,Tier 1,45,8,129000,1.0,0,,,,0
NS-01893,59,Female,Two-Wheeler,Petrol,Tier 3,35,14,173000,1.0,1,8400.0,Theft,Clear,0
NS-01418,43,Male,Hatchback,Diesel,Tier 2,45,0,476000,1.0,0,,,,0
NS-00676,44,Male,Sedan,Diesel,Tier 1,35,15,643000,1.0,1,48400.0,Collision,Clear,0
NS-00761,35,Male,Sedan,Diesel,Tier 1,50,11,1036000,1.0,0,,,,0
NS-02288,33,Female,Sedan,CNG,Tier 3,0,6,601000,1.0,0,,,,0
NS-02164,55,Female,Two-Wheeler,Petrol,Tier 3,20,9,173000,1.0,0,,,,0
NS-00729,49,Male,Two-Wheeler,Diesel,Tier 1,35,8,60000,1.0,0,,,,0
NS-02179,43,Male,Hatchback,Diesel,Tier 3,0,2,493000,1.0,0,,,,0
NS-01400,35,Male,SUV,Petrol,Tier 2,25,8,1620000,1.0,0,,,,0
NS-00413,55,Female,Hatchback,Petrol,Tier 1,25,9,470000,1.0,0,,,,0
NS-01099,50,Female,Sedan,CNG,Tier 2,45,15,666000,1.0,0,,,,0
NS-01517,39,Male,SUV,Diesel,Tier 2,35,4,1938000,1.0,0,,,,0
NS-01650,33,Male,Two-Wheeler,Petrol,Tier 2,25,6,150000,1.0,0,,,,0
NS-01525,56,Male,Hatchback,Petrol,Tier 2,0,8,507000,1.0,0,,,,0
NS-00826,56,Female,Hatchback,Petrol,Tier 1,20,12,492000,1.0,0,,,,0
NS-02079,39,Female,Hatchback,Petrol,Tier 3,0,4,649000,1.0,0,,,,0
NS-01927,28,Male,SUV,Diesel,Tier 3,20,4,1691000,1.0,0,,,,0
NS-00617,22,Male,Sedan,Petrol,Tier 1,0,13,602000,1.0,0,,,,0
NS-00115,55,Male,Hatchback,Petrol,Tier 1,20,7,466000,1.0,0,,,,0
NS-00418,38,Female,Hatchback,Petrol,Tier 1,50,8,694000,1.0,0,,,,0
NS-02350,49,Male,Hatchback,Petrol,Tier 3,50,2,611000,1.0,0,,,,0
NS-01626,52,Female,Sedan,Petrol,Tier 2,0,12,670000,1.0,0,,,,0
NS-00970,26,Female,SUV,Petrol,Tier 1,0,4,1492000,1.0,1,24700.0,Collision,Clear,0
NS-00605,56,Female,Two-Wheeler,Petrol,Tier 1,20,4,125000,1.0,0,,,,0
NS-02355,58,Male,Sedan,Diesel,Tier 3,45,12,714000,1.0,0,,,,0
NS-00090,43,Male,Sedan,CNG,Tier 1,0,3,1118000,1.0,0,,,,0
NS-00849,55,Female,Sedan,Petrol,Tier 1,0,1,930000,1.0,0,,,,0
NS-00727,57,Male,Two-Wheeler,Petrol,Tier 1,25,6,138000,1.0,1,23400.0,Third-Party Liability,Rain,0
NS-02354,31,Male,Two-Wheeler,Diesel,Tier 3,0,3,178000,1.0,0,,,,0
NS-00754,45,Female,Sedan,Petrol,Tier 1,35,10,616000,1.0,0,,,,0
NS-00499,45,Male,Hatchback,Diesel,Tier 1,50,13,655000,1.0,0,,,,0
NS-01277,50,Female,Sedan,Petrol,Tier 2,35,3,815000,1.0,0,,,,0
NS-01922,22,Female,Hatchback,Electric,Tier 3,25,2,504000,1.0,0,,,,0
NS-01326,54,Male,Hatchback,Petrol,Tier 2,20,2,415000,1.0,0,,,,0
NS-01631,36,Female,Two-Wheeler,Petrol,Tier 2,0,5,188000,1.0,0,,,,0
NS-00012,53,Female,Two-Wheeler,CNG,Tier 1,0,12,67000,1.0,0,,,,0
NS-00397,55,Male,Two-Wheeler,Diesel,Tier 1,35,7,175000,1.0,0,,,,0
NS-00285,39,Female,Sedan,Diesel,Tier 1,25,13,784000,1.0,0,,,,0
NS-02346,55,Female,Hatchback,Petrol,Tier 3,50,4,619000,1.0,0,,,,0
NS-01067,23,Male,Hatchback,Petrol,Tier 2,35,10,390000,1.0,0,,,,0
NS-01866,50,Male,Two-Wheeler,Petrol,Tier 3,25,6,102000,1.0,0,,,,0
NS-01192,56,Male,Two-Wheeler,Petrol,Tier 2,45,3,73000,1.0,0,,,,0
NS-01441,47,Male,Sedan,Diesel,Tier 2,50,13,954000,1.0,0,,,,0
NS-01601,52,Female,Hatchback,Petrol,Tier 2,45,0,410000,1.0,0,,,,0
NS-01859,40,Male,Two-Wheeler,Diesel,Tier 3,25,8,89000,1.0,1,39500.0,Collision,Clear,0
NS-02244,49,Male,Hatchback,Petrol,Tier 3,0,0,697000,1.0,0,,,,0
NS-02243,43,Female,SUV,Diesel,Tier 3,35,3,2105000,1.0,0,,,,0
NS-01451,41,Male,Two-Wheeler,CNG,Tier 2,0,9,74000,1.0,0,,,,0
NS-00691,32,Female,Two-Wheeler,Petrol,Tier 1,25,5,164000,1.0,0,,,,0
NS-02169,28,Female,Sedan,Diesel,Tier 3,45,13,805000,1.0,0,,,,0
NS-01953,37,Female,Sedan,Electric,Tier 3,0,13,1071000,1.0,0,,,,0
NS-01569,23,Male,Hatchback,Petrol,Tier 2,0,9,535000,1.0,0,,,,0
NS-02329,38,Male,SUV,CNG,Tier 3,0,6,1735000,1.0,0,,,,0
NS-02317,36,Female,Hatchback,Diesel,Tier 3,20,7,626000,1.0,0,,,,0
NS-00690,59,Female,SUV,Petrol,Tier 1,0,8,1127000,1.0,0,,,,0
NS-02188,24,Male,Hatchback,CNG,Tier 3,35,4,583000,1.0,0,,,,0
NS-01688,55,Male,Two-Wheeler,CNG,Tier 2,20,15,73000,1.0,0,,,,0
NS-00852,43,Male,Hatchback,Petrol,Tier 1,50,7,431000,1.0,1,33200.0,Collision,Rain,0
NS-01499,28,Male,Hatchback,Petrol,Tier 2,35,7,548000,1.0,1,66700.0,Theft,Clear,0
NS-00160,34,Female,Sedan,Diesel,Tier 1,25,10,1077000,1.0,0,,,,0
NS-00896,44,Male,Sedan,Petrol,Tier 1,25,14,666000,1.0,0,,,,0
NS-00497,60,Male,Two-Wheeler,Diesel,Tier 1,35,0,132000,1.0,0,,,,0
NS-00258,28,Male,SUV,Diesel,Tier 1,50,13,1748000,1.0,0,,,,0
NS-01783,21,Female,Two-Wheeler,Petrol,Tier 2,0,12,115000,1.0,0,,,,0
NS-00336,35,Male,Hatchback,Diesel,Tier 1,50,6,692000,1.0,0,,,,0
NS-02333,47,Female,Sedan,CNG,Tier 3,0,6,936000,1.0,0,,,,0
NS-01040,41,Female,SUV,Petrol,Tier 2,20,8,959000,1.0,0,,,,0
NS-00516,55,Female,Sedan,Petrol,Tier 1,0,12,754000,1.0,0,,,,0
NS-01349,26,Female,Hatchback,Petrol,Tier 2,0,4,352000,1.0,0,,,,0
NS-01016,56,Male,SUV,Petrol,Tier 2,25,8,1772000,1.0,0,,,,0
NS-00769,40,Female,SUV,CNG,Tier 1,25,9,1624000,1.0,0,,,,0
NS-02250,33,Female,Hatchback,Diesel,Tier 3,0,2,473000,1.0,0,,,,0
NS-00442,44,Male,Sedan,CNG,Tier 1,35,10,786000,1.0,0,,,,0
NS-02366,47,Female,Hatchback,CNG,Tier 3,25,14,663000,1.0,0,,,,0
NS-00762,55,Female,Hatchback,Diesel,Tier 1,20,0,354000,1.0,0,,,,0
NS-01930,41,Female,Two-Wheeler,Petrol,Tier 3,35,3,86000,1.0,0,,,,0
NS-01247,65,Female,Hatchback,Petrol,Tier 2,25,8,692000,1.0,1,44700.0,Collision,Rain,0
NS-01204,47,Male,Sedan,Petrol,Tier 2,35,10,979000,1.0,0,,,,0
NS-00802,23,Female,Two-Wheeler,Diesel,Tier 1,25,12,195000,1.0,0,,,,0
NS-01124,60,Male,Hatchback,Petrol,Tier 2,35,2,580000,1.0,0,,,,0
NS-01861,61,Female,Sedan,Electric,Tier 3,20,5,1058000,1.0,0,,,,0
NS-01782,55,Female,SUV,Petrol,Tier 2,20,5,1304000,1.0,1,48600.0,Collision,Rain,0
NS-00522,51,Female,SUV,Petrol,Tier 1,50,11,1478000,1.0,0,,,,0
NS-01786,21,Female,SUV,Diesel,Tier 2,45,6,1121000,1.0,0,,,,0
NS-00023,45,Male,Hatchback,CNG,Tier 1,35,7,486000,1.0,0,,,,0
NS-00357,57,Female,Hatchback,Diesel,Tier 1,35,10,531000,1.0,0,,,,0
NS-02285,32,Female,SUV,Petrol,Tier 3,45,0,2126000,1.0,0,,,,0
NS-01278,62,Female,Hatchback,Petrol,Tier 2,50,15,463000,1.0,0,,,,0
NS-01313,52,Male,Sedan,Petrol,Tier 2,20,13,684000,1.0,0,,,,0
NS-01636,62,Female,Two-Wheeler,Diesel,Tier 2,45,5,149000,1.0,0,,,,0
NS-00551,34,Male,Two-Wheeler,Petrol,Tier 1,0,11,145000,1.0,0,,,,0
NS-00341,21,Female,Sedan,Petrol,Tier 1,20,4,1038000,1.0,0,,,,0
NS-00432,65,Male,Two-Wheeler,Petrol,Tier 1,35,10,93000,1.0,1,59400.0,Collision,Clear,0
NS-00474,53,Female,Hatchback,Diesel,Tier 1,35,5,552000,1.0,1,70000.0,Collision,Fog,0
NS-00218,24,Male,Sedan,CNG,Tier 1,25,12,789000,1.0,0,,,,0
NS-00912,54,Female,Two-Wheeler,Petrol,Tier 1,25,8,107000,1.0,0,,,,0
NS-01228,36,Male,SUV,Diesel,Tier 2,45,14,1749000,1.0,1,49700.0,Collision,Rain,0
NS-02142,60,Female,Sedan,Petrol,Tier 3,20,3,892000,1.0,0,,,,0
NS-01012,54,Female,SUV,CNG,Tier 2,0,5,1567000,1.0,0,,,,0
NS-00958,56,Female,SUV,Diesel,Tier 1,25,14,1284000,1.0,0,,,,0
NS-01774,32,Female,Hatchback,Petrol,Tier 2,25,15,578000,1.0,0,,,,0
NS-00094,65,Female,SUV,Petrol,Tier 1,35,13,1278000,1.0,0,,,,0
NS-01009,55,Male,SUV,Petrol,Tier 2,0,14,1713000,1.0,0,,,,0
NS-01071,24,Female,Hatchback,Petrol,Tier 2,25,9,483000,1.0,0,,,,0
NS-01093,27,Female,Sedan,Petrol,Tier 2,25,0,905000,1.0,0,,,,0
NS-02390,60,Female,Two-Wheeler,Petrol,Tier 3,0,15,116000,1.0,0,,,,0
NS-01998,26,Female,Hatchback,Diesel,Tier 3,20,11,430000,1.0,0,,,,0
NS-01309,49,Female,SUV,Petrol,Tier 2,45,3,1534000,1.0,0,,,,0
NS-00697,23,Male,Two-Wheeler,CNG,Tier 1,0,9,107000,1.0,0,,,,0
NS-01110,59,Male,Sedan,Diesel,Tier 2,0,5,1171000,1.0,0,,,,0
NS-00997,36,Female,Two-Wheeler,Petrol,Tier 1,20,10,101000,1.0,0,,,,0
NS-01459,22,Male,Hatchback,Petrol,Tier 2,25,1,619000,1.0,0,,,,0
NS-01680,35,Female,Hatchback,CNG,Tier 2,0,6,674000,1.0,0,,,,0
NS-00154,48,Female,Sedan,Petrol,Tier 1,0,12,980000,1.0,0,,,,0
NS-01100,27,Female,Sedan,Petrol,Tier 2,45,7,632000,1.0,0,,,,0
NS-02212,42,Male,Two-Wheeler,Petrol,Tier 3,0,1,71000,1.0,0,,,,0
NS-00247,26,Female,Two-Wheeler,Electric,Tier 1,45,12,82000,1.0,0,,,,0
NS-02400,36,Female,Sedan,Diesel,Tier 3,20,13,915000,1.0,0,,,,0
NS-00790,47,Male,Two-Wheeler,Petrol,Tier 1,0,5,110000,1.0,0,,,,0
NS-00581,29,Male,Sedan,Diesel,Tier 1,0,8,1019000,1.0,0,,,,0
NS-01471,30,Male,Two-Wheeler,Petrol,Tier 2,25,12,122000,1.0,0,,,,0
NS-00704,50,Female,Sedan,Petrol,Tier 1,0,1,760000,1.0,0,,,,0
NS-02023,30,Female,Hatchback,Petrol,Tier 3,45,12,535000,1.0,0,,,,0
NS-01213,65,Female,Hatchback,Petrol,Tier 2,25,5,663000,1.0,0,,,,0
NS-01296,62,Male,Two-Wheeler,Petrol,Tier 2,45,9,62000,1.0,0,,,,0
NS-00897,34,Female,Two-Wheeler,Petrol,Tier 1,25,0,93000,1.0,0,,,,0
NS-01909,58,Male,Hatchback,Diesel,Tier 3,20,12,602000,1.0,0,,,,0
NS-01261,55,Female,Sedan,Diesel,Tier 2,45,7,1005000,1.0,0,,,,0
NS-00488,58,Male,Hatchback,Petrol,Tier 1,0,5,577000,1.0,0,,,,0
NS-01625,60,Male,Sedan,Electric,Tier 2,25,11,747000,1.0,0,,,,0
NS-00560,31,Male,Hatchback,Electric,Tier 1,0,2,601000,1.0,0,,,,0
NS-01142,48,Female,Two-Wheeler,CNG,Tier 2,20,0,198000,1.0,0,,,,0
NS-01120,49,Female,Sedan,Petrol,Tier 2,20,2,912000,1.0,0,,,,0
NS-00513,60,Female,Two-Wheeler,Petrol,Tier 1,25,12,66000,1.0,0,,,,0
NS-00634,43,Female,Hatchback,Petrol,Tier 1,50,5,435000,1.0,0,,,,0
NS-02064,41,Female,Two-Wheeler,Petrol,Tier 3,35,10,138000,1.0,1,9500.0,Collision,Clear,0
NS-01665,36,Male,Hatchback,Electric,Tier 2,20,4,360000,1.0,0,,,,0
NS-01013,44,Female,Hatchback,Diesel,Tier 2,35,7,627000,1.0,0,,,,0
NS-01932,52,Female,SUV,Petrol,Tier 3,45,7,1811000,1.0,0,,,,0
NS-01151,34,Male,SUV,Diesel,Tier 2,0,5,2159000,1.0,0,,,,0
NS-02247,28,Female,Sedan,Diesel,Tier 3,20,3,1057000,1.0,0,,,,0
NS-00117,42,Male,SUV,CNG,Tier 1,0,1,2168000,1.0,0,,,,0
NS-00741,51,Male,Two-Wheeler,Petrol,Tier 1,0,1,69000,1.0,0,,,,0
NS-02213,39,Female,Two-Wheeler,Petrol,Tier 3,20,12,61000,1.0,0,,,,0
NS-01975,56,Female,Hatchback,Diesel,Tier 3,0,3,680000,1.0,0,,,,0
NS-01082,36,Male,SUV,Diesel,Tier 2,20,15,1808000,1.0,0,,,,0
NS-01811,55,Female,Hatchback,Petrol,Tier 3,20,13,515000,1.0,0,,,,0
NS-00831,36,Female,Two-Wheeler,Petrol,Tier 1,35,13,168000,1.0,0,,,,0
NS-00120,36,Female,Two-Wheeler,Electric,Tier 1,50,4,142000,1.0,0,,,,0
NS-00657,41,Male,Two-Wheeler,Petrol,Tier 1,0,11,63000,1.0,0,,,,0
NS-02187,42,Male,Sedan,Petrol,Tier 3,50,8,848000,1.0,0,,,,0
NS-02151,62,Male,SUV,Diesel,Tier 3,0,7,2150000,1.0,1,15200.0,Natural Disaster,Clear,0
NS-02349,27,Male,Hatchback,Petrol,Tier 3,25,11,450000,1.0,0,,,,0
NS-00636,30,Male,SUV,Diesel,Tier 1,0,14,1879000,1.0,0,,,,0
NS-00370,54,Male,Hatchback,Petrol,Tier 1,20,15,457000,1.0,0,,,,0
NS-00269,55,Female,Two-Wheeler,CNG,Tier 1,0,6,100000,1.0,0,,,,0
NS-00047,43,Female,SUV,Petrol,Tier 1,20,2,999000,1.0,0,,,,0
NS-00992,58,Male,Sedan,CNG,Tier 1,25,12,848000,1.0,0,,,,0
NS-00877,29,Male,Hatchback,CNG,Tier 1,20,2,647000,1.0,0,,,,0
NS-00774,63,Female,Hatchback,Petrol,Tier 1,0,4,423000,1.0,0,,,,0
NS-01220,22,Female,Sedan,Petrol,Tier 2,25,15,796000,1.0,0,,,,0
NS-01127,56,Male,Hatchback,Diesel,Tier 2,35,7,404000,1.0,0,,,,0
NS-00005,36,Male,Sedan,Petrol,Tier 1,0,2,903000,1.0,0,,,,0
NS-01596,27,Female,Two-Wheeler,Petrol,Tier 2,0,4,143000,1.0,0,,,,0
NS-01078,50,Male,Hatchback,Diesel,Tier 2,25,11,620000,1.0,0,,,,0
NS-00838,29,Female,Sedan,Petrol,Tier 1,20,9,1047000,1.0,0,,,,0
NS-00682,44,Female,Hatchback,Petrol,Tier 1,35,15,513000,1.0,0,,,,0
NS-01716,47,Male,Hatchback,Petrol,Tier 2,0,12,690000,1.0,1,32200.0,Third-Party Liability,Clear,0
NS-01149,46,Female,Two-Wheeler,Petrol,Tier 2,25,14,170000,1.0,0,,,,0
NS-00575,56,Female,Two-Wheeler,CNG,Tier 1,25,1,121000,1.0,0,,,,0
NS-00051,58,Male,Two-Wheeler,Petrol,Tier 1,20,13,106000,1.0,0,,,,0
NS-00854,53,Female,Two-Wheeler,Diesel,Tier 1,20,7,124000,1.0,0,,,,0
NS-01983,65,Female,Sedan,Petrol,Tier 3,20,13,1014000,1.0,0,,,,0
NS-01824,34,Male,Hatchback,Petrol,Tier 3,20,1,391000,1.0,0,,,,0
NS-00834,31,Female,SUV,Petrol,Tier 1,20,6,2055000,1.0,0,,,,0
NS-01116,61,Male,Hatchback,Diesel,Tier 2,45,15,658000,1.0,0,,,,0
NS-01167,33,Male,Sedan,Petrol,Tier 2,0,15,695000,1.0,0,,,,0
NS-01907,30,Male,Hatchback,Diesel,Tier 3,45,14,544000,1.0,0,,,,0
NS-00972,22,Male,Two-Wheeler,CNG,Tier 1,25,15,61000,1.0,0,,,,0
NS-00400,26,Male,Hatchback,Petrol,Tier 1,0,9,453000,1.0,0,,,,0
NS-00020,40,Male,Two-Wheeler,Diesel,Tier 1,50,6,97000,1.0,0,,,,0
NS-00685,54,Male,Sedan,CNG,Tier 1,25,8,622000,1.0,0,,,,0
NS-00036,28,Male,SUV,Diesel,Tier 1,50,9,1500000,1.0,0,,,,0
NS-02269,47,Male,SUV,CNG,Tier 3,50,0,976000,1.0,0,,,,0
NS-00525,29,Male,SUV,Petrol,Tier 1,25,12,1996000,1.0,0,,,,0
NS-00921,44,Female,Hatchback,Petrol,Tier 1,20,3,457000,1.0,0,,,,0
NS-01842,23,Female,SUV,Petrol,Tier 3,0,8,1456000,1.0,0,,,,0
NS-01891,51,Female,Hatchback,Diesel,Tier 3,35,4,446000,1.0,0,,,,0
NS-00538,51,Male,Sedan,Petrol,Tier 1,0,5,765000,1.0,0,,,,0
NS-01706,52,Female,SUV,Petrol,Tier 2,0,6,1739000,1.0,0,,,,0
NS-02348,63,Male,SUV,CNG,Tier 3,45,10,1366000,1.0,0,,,,0
NS-00246,53,Male,Sedan,CNG,Tier 1,0,9,718000,1.0,0,,,,0
NS-00785,33,Male,Hatchback,Petrol,Tier 1,0,3,403000,1.0,0,,,,0
NS-01410,41,Male,Hatchback,Petrol,Tier 2,35,11,356000,1.0,0,,,,0
NS-00155,33,Male,Hatchback,Diesel,Tier 1,20,4,580000,1.0,0,,,,0
NS-01687,46,Female,Hatchback,Diesel,Tier 2,0,14,410000,1.0,0,,,,0
NS-00626,23,Female,Hatchback,Diesel,Tier 1,0,13,569000,1.0,0,,,,0
NS-02303,59,Male,Two-Wheeler,Petrol,Tier 3,25,11,103000,1.0,0,,,,0
NS-01347,26,Male,Two-Wheeler,Petrol,Tier 2,45,1,97000,1.0,0,,,,0
NS-00570,22,Male,SUV,Diesel,Tier 1,20,3,1072000,1.0,0,,,,0
NS-01759,29,Male,Hatchback,Petrol,Tier 2,20,0,607000,1.0,0,,,,0
NS-01817,53,Male,Two-Wheeler,Diesel,Tier 3,45,10,83000,1.0,0,,,,0
NS-02066,43,Male,Sedan,Petrol,Tier 3,25,4,878000,1.0,0,,,,0
NS-00128,24,Female,Hatchback,Petrol,Tier 1,50,3,351000,1.0,1,42800.0,Collision,Rain,0
NS-02382,34,Male,Sedan,Diesel,Tier 3,35,8,1174000,1.0,0,,,,0
NS-02007,58,Female,Two-Wheeler,Petrol,Tier 3,0,5,62000,1.0,0,,,,0
NS-00981,23,Male,Two-Wheeler,Petrol,Tier 1,35,1,188000,1.0,0,,,,0
NS-00191,64,Male,SUV,Diesel,Tier 1,20,7,991000,1.0,0,,,,0
NS-01140,54,Male,Sedan,Diesel,Tier 2,0,2,1029000,1.0,0,,,,0
NS-00993,42,Male,SUV,Petrol,Tier 1,25,13,1866000,1.0,0,,,,0
NS-00700,47,Male,Hatchback,Petrol,Tier 1,0,15,569000,1.0,1,49500.0,Collision,Clear,0
NS-00607,24,Female,Sedan,Petrol,Tier 1,35,14,1142000,1.0,0,,,,0
NS-00181,61,Male,Hatchback,Diesel,Tier 1,0,9,495000,1.0,0,,,,0
NS-00302,36,Male,Two-Wheeler,Petrol,Tier 1,0,13,155000,1.0,0,,,,0
NS-01061,49,Female,Sedan,Diesel,Tier 2,45,11,841000,1.0,0,,,,0
NS-02261,44,Female,Hatchback,Diesel,Tier 3,35,6,557000,1.0,0,,,,0
NS-01070,64,Male,Two-Wheeler,CNG,Tier 2,20,14,197000,1.0,0,,,,0
NS-01244,41,Female,Sedan,Petrol,Tier 2,45,11,1086000,1.0,0,,,,0
NS-00017,44,Male,SUV,Petrol,Tier 1,20,14,1306000,1.0,0,,,,0
NS-02385,49,Male,Hatchback,Diesel,Tier 3,20,3,489000,1.0,0,,,,0
NS-00547,34,Female,Hatchback,Petrol,Tier 1,25,1,580000,1.0,0,,,,0
NS-00659,54,Female,Hatchback,Petrol,Tier 1,0,14,615000,1.0,0,,,,0
NS-02163,57,Female,Hatchback,Diesel,Tier 3,25,0,502000,1.0,0,,,,0
NS-02190,63,Male,Two-Wheeler,CNG,Tier 3,25,0,197000,1.0,0,,,,0
NS-01505,39,Male,Sedan,Petrol,Tier 2,0,14,981000,1.0,0,,,,0
NS-00960,42,Female,Hatchback,Petrol,Tier 1,45,10,499000,1.0,0,,,,0
NS-00798,56,Male,Sedan,Petrol,Tier 1,20,9,1116000,1.0,0,,,,0
NS-00226,22,Female,Hatchback,Petrol,Tier 1,25,3,677000,1.0,0,,,,0
NS-02075,34,Female,Hatchback,Petrol,Tier 3,35,10,675000,1.0,0,,,,0
NS-01800,49,Female,Hatchback,CNG,Tier 2,0,9,661000,1.0,0,,,,0
NS-02371,30,Female,Sedan,Diesel,Tier 3,20,12,646000,1.0,0,,,,0
NS-02086,42,Female,Two-Wheeler,CNG,Tier 3,25,13,113000,1.0,0,,,,0
NS-01694,52,Female,Sedan,Petrol,Tier 2,45,15,613000,1.0,0,,,,0
NS-01046,58,Female,SUV,Petrol,Tier 2,25,4,1337000,1.0,0,,,,0
NS-00470,24,Female,Hatchback,CNG,Tier 1,20,5,369000,1.0,0,,,,0
NS-00955,35,Female,Hatchback,Petrol,Tier 1,35,3,602000,1.0,0,,,,0
NS-02381,39,Female,Sedan,CNG,Tier 3,20,6,1002000,1.0,0,,,,0
NS-00640,45,Male,Hatchback,Petrol,Tier 1,20,13,616000,1.0,0,,,,0
NS-02225,46,Female,Hatchback,Petrol,Tier 3,35,2,440000,1.0,1,28300.0,Theft,Storm,0
NS-01219,46,Male,SUV,Diesel,Tier 2,35,6,1469000,1.0,0,,,,0
NS-01159,31,Male,Two-Wheeler,Petrol,Tier 2,45,10,123000,1.0,0,,,,0
NS-01416,64,Female,SUV,Diesel,Tier 2,0,12,1296000,1.0,0,,,,0
NS-02172,56,Male,SUV,Petrol,Tier 3,20,11,1495000,1.0,0,,,,0
NS-01528,62,Female,Two-Wheeler,Diesel,Tier 2,0,8,116000,1.0,0,,,,0
NS-02340,59,Female,Sedan,Petrol,Tier 3,35,8,997000,1.0,0,,,,0
NS-01301,51,Male,Hatchback,Diesel,Tier 2,50,10,377000,1.0,0,,,,0
NS-02297,65,Male,Sedan,Petrol,Tier 3,50,3,626000,1.0,0,,,,0
NS-01604,54,Male,Hatchback,Diesel,Tier 2,35,11,435000,1.0,0,,,,0
NS-00161,25,Male,Two-Wheeler,Electric,Tier 1,25,10,155000,1.0,0,,,,0
NS-01705,41,Female,SUV,Diesel,Tier 2,25,10,1822000,1.0,0,,,,0
NS-00957,55,Male,SUV,Diesel,Tier 1,25,13,1519000,1.0,0,,,,0
NS-02336,49,Male,Sedan,Petrol,Tier 3,0,11,773000,1.0,0,,,,0
NS-00878,44,Female,Sedan,Diesel,Tier 1,0,3,1118000,1.0,0,,,,0
NS-01920,52,Male,Two-Wheeler,Diesel,Tier 3,20,10,143000,1.0,1,23400.0,Theft,Rain,0
NS-01885,34,Female,Hatchback,Petrol,Tier 3,50,6,681000,1.0,0,,,,0
NS-00099,23,Male,Hatchback,Petrol,Tier 1,35,9,628000,1.0,0,,,,0
NS-02267,46,Male,Two-Wheeler,Petrol,Tier 3,25,15,188000,1.0,0,,,,0
NS-00254,58,Male,SUV,Petrol,Tier 1,45,12,1779000,1.0,0,,,,0
NS-00104,44,Male,Hatchback,Diesel,Tier 1,25,13,613000,1.0,0,,,,0
NS-01446,34,Female,Two-Wheeler,Diesel,Tier 2,25,6,159000,1.0,0,,,,0
NS-01444,62,Female,Sedan,CNG,Tier 2,20,6,725000,1.0,1,47000.0,Theft,Storm,0
NS-01649,36,Male,SUV,Electric,Tier 2,45,15,2017000,1.0,0,,,,0
NS-00587,21,Male,Two-Wheeler,Petrol,Tier 1,45,7,110000,1.0,0,,,,0
NS-00628,41,Female,Sedan,Diesel,Tier 1,0,6,636000,1.0,0,,,,0
NS-01697,44,Male,Hatchback,Petrol,Tier 2,25,9,617000,1.0,0,,,,0
NS-02102,39,Male,Sedan,Petrol,Tier 3,0,13,1015000,1.0,0,,,,0
NS-00404,38,Female,Two-Wheeler,Diesel,Tier 1,45,9,88000,1.0,0,,,,0
NS-01155,54,Male,Hatchback,Diesel,Tier 2,25,14,662000,1.0,0,,,,0
NS-01683,24,Male,Sedan,CNG,Tier 2,35,1,695000,1.0,0,,,,0
NS-02057,64,Male,SUV,Electric,Tier 3,20,15,1116000,1.0,0,,,,0
NS-02280,53,Female,SUV,Petrol,Tier 3,35,13,2069000,1.0,0,,,,0
NS-00453,34,Female,Hatchback,Diesel,Tier 1,20,14,548000,1.0,1,29600.0,Collision,Clear,0
NS-01328,21,Male,SUV,Diesel,Tier 2,0,14,1464000,1.0,1,34700.0,Collision,Clear,0
NS-02050,65,Female,Two-Wheeler,Diesel,Tier 3,45,7,100000,1.0,0,,,,0
NS-00881,45,Female,Sedan,Electric,Tier 1,25,0,629000,1.0,1,35300.0,Natural Disaster,Rain,0
NS-02337,31,Female,Hatchback,Diesel,Tier 3,0,9,437000,1.0,0,,,,0
NS-00624,21,Male,Two-Wheeler,Diesel,Tier 1,45,2,139000,1.0,1,44900.0,Collision,Rain,0
NS-02220,62,Male,Hatchback,Diesel,Tier 3,50,4,492000,1.0,0,,,,0
NS-01788,45,Female,Hatchback,Diesel,Tier 2,0,9,642000,1.0,0,,,,0
NS-00263,28,Male,Hatchback,Diesel,Tier 1,35,3,487000,1.0,0,,,,0
NS-01635,25,Male,Sedan,Electric,Tier 2,20,7,948000,1.0,0,,,,0
NS-01439,49,Female,SUV,Diesel,Tier 2,20,9,1153000,1.0,0,,,,0
NS-02199,51,Female,Sedan,Petrol,Tier 3,0,1,625000,1.0,0,,,,0
NS-01970,63,Male,Sedan,Petrol,Tier 3,35,3,742000,1.0,1,19600.0,Fire,Fog,0
NS-01803,42,Male,Hatchback,Diesel,Tier 3,35,14,535000,1.0,0,,,,0
NS-00641,51,Female,Hatchback,Petrol,Tier 1,20,5,537000,1.0,0,,,,0
NS-02270,64,Female,Two-Wheeler,Petrol,Tier 3,50,4,70000,1.0,0,,,,0
NS-01960,23,Female,Sedan,Diesel,Tier 3,20,11,876000,1.0,0,,,,0
NS-00489,61,Male,Two-Wheeler,Petrol,Tier 1,25,8,62000,1.0,0,,,,0
NS-01844,25,Male,SUV,Petrol,Tier 3,0,11,1503000,1.0,0,,,,0
NS-01735,24,Male,Sedan,Petrol,Tier 2,35,5,979000,1.0,0,,,,0
NS-00147,55,Male,SUV,Petrol,Tier 1,0,3,1264000,1.0,0,,,,0
NS-01535,32,Female,Two-Wheeler,Diesel,Tier 2,35,11,149000,1.0,1,13700.0,Collision,Clear,0
NS-01987,32,Female,SUV,Petrol,Tier 3,25,15,1905000,1.0,0,,,,0
NS-01370,56,Female,Hatchback,Petrol,Tier 2,35,3,621000,1.0,0,,,,0
NS-02352,40,Female,Hatchback,Petrol,Tier 3,20,3,527000,1.0,0,,,,0
NS-00660,42,Male,SUV,Petrol,Tier 1,20,7,1267000,1.0,1,23500.0,Third-Party Liability,Clear,0
NS-01795,31,Female,Two-Wheeler,Petrol,Tier 2,20,15,77000,1.0,0,,,,0
NS-00187,64,Male,Sedan,Petrol,Tier 1,50,9,1083000,1.0,1,45400.0,Theft,Clear,0
NS-01148,55,Male,Sedan,Diesel,Tier 2,45,14,624000,1.0,0,,,,0
NS-00609,64,Female,Sedan,Diesel,Tier 1,0,3,917000,1.0,0,,,,0
NS-02192,64,Female,Two-Wheeler,Petrol,Tier 3,20,9,142000,1.0,0,,,,0
NS-01931,43,Male,Sedan,Diesel,Tier 3,0,9,1004000,1.0,1,28800.0,Natural Disaster,Fog,0
NS-00198,51,Male,Sedan,Diesel,Tier 1,0,14,860000,1.0,0,,,,0
NS-00294,45,Male,Sedan,Diesel,Tier 1,20,13,649000,1.0,0,,,,0
NS-00767,32,Male,Sedan,CNG,Tier 1,0,1,1172000,1.0,0,,,,0
NS-00401,25,Male,Two-Wheeler,Petrol,Tier 1,35,12,178000,1.0,0,,,,0
NS-00123,54,Male,Two-Wheeler,Diesel,Tier 1,35,2,178000,1.0,0,,,,0
NS-00203,53,Female,Two-Wheeler,Petrol,Tier 1,20,12,69000,1.0,0,,,,0
NS-00836,41,Male,Hatchback,Petrol,Tier 1,35,2,441000,1.0,0,,,,0
NS-01440,32,Female,Hatchback,CNG,Tier 2,20,7,520000,1.0,0,,,,0
NS-01734,49,Female,SUV,Petrol,Tier 2,0,7,1749000,1.0,0,,,,0
NS-01696,48,Female,Hatchback,Electric,Tier 2,25,9,374000,1.0,0,,,,0
NS-01708,44,Male,Sedan,Petrol,Tier 2,35,10,1185000,1.0,0,,,,0
NS-02334,61,Male,Two-Wheeler,Diesel,Tier 3,0,2,133000,1.0,0,,,,0
NS-01154,41,Female,Two-Wheeler,Diesel,Tier 2,0,8,84000,1.0,0,,,,0
NS-01662,54,Male,Two-Wheeler,Diesel,Tier 2,25,6,152000,1.0,0,,,,0
NS-01760,41,Male,Hatchback,Petrol,Tier 2,20,13,498000,1.0,0,,,,0
NS-00855,59,Female,Sedan,Petrol,Tier 1,35,6,832000,1.0,0,,,,0
NS-01590,49,Female,Two-Wheeler,Petrol,Tier 2,20,12,163000,1.0,0,,,,0
NS-00642,32,Female,Hatchback,CNG,Tier 1,45,0,487000,1.0,0,,,,0
NS-00002,47,Female,Two-Wheeler,Electric,Tier 1,35,13,147000,1.0,0,,,,0
NS-02161,31,Female,Hatchback,Petrol,Tier 3,0,12,540000,1.0,0,,,,0
NS-00699,24,Male,Sedan,Petrol,Tier 1,20,1,977000,1.0,0,,,,0
NS-01637,59,Female,Two-Wheeler,Petrol,Tier 2,45,14,188000,1.0,0,,,,0
NS-01292,56,Female,Two-Wheeler,CNG,Tier 2,0,13,144000,1.0,1,31500.0,Collision,Rain,0
NS-02289,53,Male,SUV,Petrol,Tier 3,25,2,2037000,1.0,0,,,,0
NS-01521,63,Male,Two-Wheeler,Petrol,Tier 2,0,5,184000,1.0,0,,,,0
NS-01854,58,Female,SUV,Petrol,Tier 3,0,2,1729000,1.0,0,,,,0
NS-01137,52,Female,Two-Wheeler,Petrol,Tier 2,0,3,125000,1.0,0,,,,0
NS-02321,54,Female,SUV,Petrol,Tier 3,0,7,1172000,1.0,1,38600.0,Theft,Storm,0
NS-01632,33,Female,Sedan,CNG,Tier 2,20,1,1140000,1.0,0,,,,0
NS-01999,26,Female,Hatchback,Electric,Tier 3,25,6,439000,1.0,0,,,,0
NS-00664,33,Female,Two-Wheeler,Petrol,Tier 1,45,12,118000,1.0,0,,,,0
NS-00684,58,Female,Two-Wheeler,Petrol,Tier 1,0,13,127000,1.0,0,,,,0
NS-01258,26,Male,Sedan,Petrol,Tier 2,50,6,1173000,1.0,0,,,,0
NS-00318,27,Female,Sedan,Petrol,Tier 1,0,9,940000,1.0,0,,,,0
NS-00649,24,Male,Hatchback,Petrol,Tier 1,45,0,497000,1.0,0,,,,0
NS-01435,27,Male,Two-Wheeler,Petrol,Tier 2,20,5,127000,1.0,0,,,,0
NS-01480,28,Male,Two-Wheeler,Petrol,Tier 2,50,5,81000,1.0,0,,,,0
NS-00710,38,Female,SUV,Petrol,Tier 1,45,10,1134000,1.0,0,,,,0
NS-01283,65,Female,Sedan,Petrol,Tier 2,0,8,963000,1.0,0,,,,0
NS-01769,38,Male,SUV,Diesel,Tier 2,25,7,1649000,1.0,0,,,,0
NS-00973,32,Male,SUV,Petrol,Tier 1,35,7,1558000,1.0,0,,,,0
NS-01307,64,Male,Two-Wheeler,Diesel,Tier 2,20,2,120000,1.0,0,,,,0
NS-01401,50,Female,SUV,Electric,Tier 2,20,11,1651000,1.0,0,,,,0
NS-01409,48,Female,Hatchback,CNG,Tier 2,35,12,363000,1.0,0,,,,0
NS-02238,43,Male,Hatchback,Petrol,Tier 3,45,2,672000,1.0,0,,,,0
NS-01497,29,Male,Sedan,Diesel,Tier 2,20,4,983000,1.0,0,,,,0
NS-02039,26,Female,SUV,Diesel,Tier 3,0,7,2011000,1.0,0,,,,0
NS-01530,51,Male,SUV,Petrol,Tier 2,25,6,1263000,1.0,0,,,,0
NS-01664,34,Female,Hatchback,Diesel,Tier 2,0,4,524000,1.0,0,,,,0
NS-01355,59,Female,Hatchback,Petrol,Tier 2,0,10,406000,1.0,0,,,,0
NS-02343,44,Male,SUV,CNG,Tier 3,25,8,1686000,1.0,0,,,,0
NS-02359,34,Male,Hatchback,Petrol,Tier 3,35,10,511000,1.0,0,,,,0
NS-01644,46,Male,Sedan,Petrol,Tier 2,20,3,1182000,1.0,0,,,,0
NS-01052,21,Male,Two-Wheeler,Diesel,Tier 2,35,14,147000,1.0,0,,,,0
NS-00796,65,Male,Hatchback,Petrol,Tier 1,20,15,358000,1.0,0,,,,0
NS-01598,59,Male,Hatchback,Petrol,Tier 2,20,15,558000,1.0,0,,,,0
NS-01820,62,Female,Two-Wheeler,Diesel,Tier 3,50,3,174000,1.0,0,,,,0
NS-01723,24,Female,Sedan,Petrol,Tier 2,0,12,664000,1.0,1,36800.0,Third-Party Liability,Clear,0
NS-01184,41,Female,Two-Wheeler,Diesel,Tier 2,20,9,68000,1.0,0,,,,0
NS-01060,22,Female,Two-Wheeler,Petrol,Tier 2,0,5,78000,1.0,0,,,,0
NS-00541,21,Male,Hatchback,Diesel,Tier 1,20,13,558000,1.0,0,,,,0
NS-01679,48,Female,Hatchback,Diesel,Tier 2,50,1,560000,1.0,0,,,,0
NS-02313,65,Male,Hatchback,Petrol,Tier 3,0,14,420000,1.0,0,,,,0
NS-01758,59,Female,Hatchback,Petrol,Tier 2,0,7,652000,1.0,0,,,,0
NS-01924,46,Female,Two-Wheeler,Diesel,Tier 3,50,11,86000,1.0,0,,,,0
NS-00096,26,Female,Two-Wheeler,Petrol,Tier 1,35,5,101000,1.0,0,,,,0
NS-01021,22,Female,Two-Wheeler,Petrol,Tier 2,0,6,174000,1.0,0,,,,0
NS-00564,33,Female,Two-Wheeler,Petrol,Tier 1,20,0,87000,1.0,0,,,,0
NS-00864,57,Female,SUV,Petrol,Tier 1,0,7,1060000,1.0,0,,,,0
NS-01485,42,Male,Hatchback,Diesel,Tier 2,20,13,404000,1.0,0,,,,0
NS-01882,39,Male,Sedan,Petrol,Tier 3,35,9,1146000,1.0,0,,,,0
NS-01039,51,Female,Hatchback,Petrol,Tier 2,0,8,478000,1.0,0,,,,0
NS-00207,39,Female,Two-Wheeler,Petrol,Tier 1,35,1,94000,1.0,0,,,,0
NS-00393,63,Male,Hatchback,Petrol,Tier 1,35,1,352000,1.0,0,,,,0
NS-00871,30,Male,Sedan,Petrol,Tier 1,35,4,634000,1.0,0,,,,0
NS-00398,40,Male,Sedan,Petrol,Tier 1,20,6,1017000,1.0,0,,,,0
NS-02307,44,Female,Sedan,Petrol,Tier 3,0,12,964000,1.0,0,,,,0
NS-01029,58,Male,Hatchback,Diesel,Tier 2,0,2,535000,1.0,0,,,,0
NS-01486,37,Female,Two-Wheeler,Diesel,Tier 2,0,10,119000,1.0,0,,,,0
NS-00961,22,Male,Sedan,Diesel,Tier 1,45,15,957000,1.0,0,,,,0
NS-01571,37,Male,Sedan,CNG,Tier 2,50,10,675000,1.0,0,,,,0
NS-01896,52,Male,SUV,Diesel,Tier 3,20,11,2084000,1.0,0,,,,0
NS-02147,51,Male,SUV,Petrol,Tier 3,20,10,1526000,1.0,0,,,,0
NS-00805,27,Male,Hatchback,Electric,Tier 1,20,0,533000,1.0,0,,,,0
NS-01752,40,Male,SUV,CNG,Tier 2,35,1,962000,1.0,0,,,,0
NS-00503,58,Male,Hatchback,Petrol,Tier 1,50,1,395000,1.0,0,,,,0
NS-00780,43,Male,Sedan,CNG,Tier 1,0,14,988000,1.0,0,,,,0
NS-01864,22,Male,Two-Wheeler,Diesel,Tier 3,50,13,97000,1.0,0,,,,0
NS-00201,49,Female,Two-Wheeler,Petrol,Tier 1,25,1,162000,1.0,0,,,,0
NS-02183,40,Male,Hatchback,Petrol,Tier 3,0,8,543000,1.0,0,,,,0
NS-02089,41,Male,Hatchback,Electric,Tier 3,25,0,618000,1.0,0,,,,0
NS-02279,37,Male,SUV,Diesel,Tier 3,50,11,1519000,1.0,0,,,,0
NS-01797,46,Female,SUV,Petrol,Tier 2,45,2,1554000,1.0,0,,,,0
NS-00379,47,Female,Sedan,Diesel,Tier 1,45,12,1155000,1.0,0,,,,0
NS-00419,59,Male,Hatchback,Petrol,Tier 1,35,3,642000,1.0,0,,,,0
NS-01699,64,Female,Two-Wheeler,Petrol,Tier 2,35,2,140000,1.0,0,,,,0
NS-00392,46,Female,SUV,CNG,Tier 1,20,6,1749000,1.0,0,,,,0
NS-01523,38,Male,Two-Wheeler,Diesel,Tier 2,25,0,130000,1.0,0,,,,0
NS-01163,54,Male,Two-Wheeler,Diesel,Tier 2,25,9,84000,1.0,0,,,,0
NS-01496,30,Female,Hatchback,CNG,Tier 2,45,12,594000,1.0,0,,,,0
NS-02028,35,Male,SUV,CNG,Tier 3,0,14,1189000,1.0,0,,,,0
NS-01153,24,Male,Hatchback,Petrol,Tier 2,25,3,445000,1.0,0,,,,0
NS-01368,23,Male,SUV,Diesel,Tier 2,0,7,1400000,1.0,0,,,,0
NS-00065,34,Male,SUV,Petrol,Tier 1,0,11,1560000,1.0,1,21400.0,Collision,Storm,0
NS-02063,26,Male,Two-Wheeler,Petrol,Tier 3,45,1,126000,1.0,0,,,,0
NS-01181,27,Male,Sedan,Petrol,Tier 2,35,0,861000,1.0,0,,,,0
NS-00493,60,Female,Hatchback,Petrol,Tier 1,0,15,549000,1.0,0,,,,0
NS-00380,23,Male,SUV,CNG,Tier 1,45,9,1028000,1.0,0,,,,0
NS-02236,56,Male,Two-Wheeler,Diesel,Tier 3,0,0,156000,1.0,1,49100.0,Collision,Clear,0
NS-00764,21,Female,SUV,CNG,Tier 1,35,0,1881000,1.0,1,44400.0,Natural Disaster,Rain,0
NS-02265,48,Female,Sedan,Petrol,Tier 3,25,11,1087000,1.0,0,,,,0
NS-00792,37,Female,Hatchback,Petrol,Tier 1,25,10,664000,1.0,0,,,,0
NS-01077,29,Female,Hatchback,Petrol,Tier 2,20,11,404000,1.0,0,,,,0
NS-00879,50,Male,Two-Wheeler,Petrol,Tier 1,25,10,169000,1.0,0,,,,0
NS-00338,25,Female,Sedan,Petrol,Tier 1,20,14,714000,1.0,0,,,,0
NS-01017,45,Male,Hatchback,Petrol,Tier 2,25,9,383000,1.0,0,,,,0
NS-01276,45,Male,Sedan,Diesel,Tier 2,0,7,613000,1.0,0,,,,0
NS-00456,28,Male,SUV,Petrol,Tier 1,25,4,1531000,1.0,0,,,,0
NS-00816,49,Female,Sedan,Diesel,Tier 1,50,5,820000,1.0,0,,,,0
NS-02318,65,Male,Two-Wheeler,Petrol,Tier 3,25,4,68000,1.0,0,,,,0
NS-00996,48,Male,Hatchback,Petrol,Tier 1,20,7,430000,1.0,0,,,,0
NS-01982,50,Female,Sedan,CNG,Tier 3,50,7,967000,1.0,0,,,,0
NS-00202,26,Male,Sedan,Petrol,Tier 1,20,9,1128000,1.0,0,,,,0
NS-00162,29,Male,Two-Wheeler,Petrol,Tier 1,20,11,89000,1.0,0,,,,0
NS-01580,51,Male,Hatchback,Petrol,Tier 2,50,8,613000,1.0,0,,,,0
NS-00703,31,Male,Hatchback,Petrol,Tier 1,0,15,584000,1.0,0,,,,0
NS-01501,29,Female,Two-Wheeler,CNG,Tier 2,35,11,133000,1.0,0,,,,0
NS-01130,55,Female,SUV,Petrol,Tier 2,0,6,1464000,1.0,0,,,,0
NS-01022,32,Male,Sedan,Petrol,Tier 2,25,14,960000,1.0,0,,,,0
NS-01586,26,Female,Sedan,Petrol,Tier 2,0,11,727000,1.0,0,,,,0
NS-01956,50,Male,Hatchback,Petrol,Tier 3,50,4,502000,1.0,0,,,,0
NS-02254,58,Female,Two-Wheeler,Petrol,Tier 3,45,2,84000,1.0,0,,,,0
NS-00035,45,Male,Sedan,Petrol,Tier 1,50,10,851000,1.0,0,,,,0
NS-00776,25,Female,Sedan,Petrol,Tier 1,20,8,906000,1.0,1,9300.0,Collision,Clear,0
NS-01479,23,Male,Sedan,Diesel,Tier 2,20,14,1174000,1.0,0,,,,0
NS-01391,37,Male,SUV,Petrol,Tier 2,35,1,2171000,1.0,0,,,,0
NS-02140,61,Male,Sedan,Petrol,Tier 3,0,9,698000,1.0,0,,,,0
NS-01364,63,Female,Hatchback,Petrol,Tier 2,0,2,665000,1.0,0,,,,0
NS-02042,21,Male,Hatchback,Petrol,Tier 3,20,7,369000,1.0,0,,,,0
NS-00242,45,Female,Hatchback,Petrol,Tier 1,0,7,370000,1.0,0,,,,0
NS-02062,35,Male,Hatchback,Petrol,Tier 3,50,7,625000,1.0,0,,,,0
NS-00601,49,Male,Two-Wheeler,Diesel,Tier 1,25,5,64000,1.0,0,,,,0
NS-01298,24,Female,SUV,Diesel,Tier 2,35,0,1105000,1.0,0,,,,0
NS-02215,53,Female,Sedan,Petrol,Tier 3,20,2,1136000,1.0,0,,,,0
NS-02069,61,Female,Sedan,CNG,Tier 3,25,11,765000,1.0,0,,,,0
NS-00647,48,Female,Hatchback,Petrol,Tier 1,50,2,472000,1.0,1,10100.0,Collision,Rain,0
NS-01529,28,Male,Two-Wheeler,Diesel,Tier 2,25,0,188000,1.0,1,54100.0,Theft,Clear,1
NS-01268,59,Male,Two-Wheeler,Petrol,Tier 2,20,13,102000,1.0,0,,,,0
NS-01900,49,Female,Sedan,Electric,Tier 3,45,10,701000,1.0,0,,,,0
NS-00563,63,Male,Two-Wheeler,Diesel,Tier 1,0,7,154000,1.0,0,,,,0
NS-00190,64,Female,Sedan,Petrol,Tier 1,20,14,830000,1.0,0,,,,0
NS-01807,52,Female,Two-Wheeler,CNG,Tier 3,25,15,104000,1.0,0,,,,0
NS-00976,23,Male,Sedan,Petrol,Tier 1,20,13,623000,1.0,0,,,,0
NS-02048,62,Male,Hatchback,Electric,Tier 3,50,13,395000,1.0,0,,,,0
NS-01083,40,Female,Two-Wheeler,Petrol,Tier 2,20,12,119000,1.0,0,,,,0
NS-00475,24,Female,SUV,Electric,Tier 1,45,14,1586000,1.0,0,,,,0
NS-00748,41,Female,Hatchback,Petrol,Tier 1,45,1,569000,1.0,0,,,,0
NS-02301,56,Female,Hatchback,Petrol,Tier 3,25,5,354000,1.0,0,,,,0
NS-00022,64,Male,Sedan,Diesel,Tier 1,0,0,789000,1.0,0,,,,0
NS-00460,24,Male,Hatchback,Diesel,Tier 1,50,3,455000,1.0,0,,,,0
NS-01185,33,Female,Two-Wheeler,Diesel,Tier 2,20,0,108000,1.0,0,,,,0
NS-02325,60,Female,Hatchback,Diesel,Tier 3,0,5,491000,1.0,0,,,,0
NS-00956,52,Male,Two-Wheeler,Petrol,Tier 1,20,10,146000,1.0,1,36000.0,Theft,Clear,0
NS-01216,39,Male,Two-Wheeler,Petrol,Tier 2,35,7,79000,1.0,1,52800.0,Collision,Clear,0
NS-01516,22,Male,Two-Wheeler,Diesel,Tier 2,0,3,183000,1.0,0,,,,0
NS-00770,43,Female,Hatchback,Diesel,Tier 1,0,2,433000,1.0,0,,,,0
NS-01686,36,Female,Sedan,CNG,Tier 2,50,8,985000,1.0,0,,,,0
NS-00131,28,Female,Hatchback,Petrol,Tier 1,0,3,350000,1.0,0,,,,0
NS-02136,39,Male,Sedan,Petrol,Tier 3,50,11,1100000,1.0,0,,,,0
NS-01483,37,Male,Hatchback,Diesel,Tier 2,25,8,379000,1.0,0,,,,0
NS-00331,41,Male,SUV,Petrol,Tier 1,0,2,1172000,1.0,0,,,,0
NS-01239,29,Female,Sedan,Petrol,Tier 2,45,13,1071000,1.0,0,,,,0
NS-00467,65,Male,Hatchback,Petrol,Tier 1,20,12,681000,1.0,1,35600.0,Theft,Fog,0
NS-02170,45,Female,Hatchback,Electric,Tier 3,35,14,569000,1.0,0,,,,0
NS-01639,30,Male,Sedan,Diesel,Tier 2,20,10,793000,1.0,0,,,,0
NS-01096,58,Male,Hatchback,Petrol,Tier 2,25,1,548000,1.0,1,38800.0,Theft,Clear,1
NS-01131,41,Male,Two-Wheeler,Petrol,Tier 2,0,1,88000,1.0,0,,,,0
NS-01295,35,Male,Hatchback,Diesel,Tier 2,0,15,570000,1.0,0,,,,0
NS-00861,50,Male,Hatchback,CNG,Tier 1,20,1,591000,1.0,1,47100.0,Collision,Clear,0
